,Year,Country of Origin (ISO),Country of Origin,Country of Asylum (ISO),Country of Asylum,Country of Resettlement (ISO),Country of Resettlement,Total submissions (persons),Country of Origin Coordinates,Country of Asylum Coordinates,Country of Resettlement Coordinates
0,2003,COD,Dem. Rep. of the Congo,CIV,Cote d'Ivoire,USA,United States of America,70,"[25.0, 0.0]","[-5.0, 8.0]","[-97.0, 38.0]"
1,2003,COD,Dem. Rep. of the Congo,GAB,Gabon,SWE,Sweden,1,"[25.0, 0.0]","[11.75, -1.0]","[15.0, 62.0]"
2,2003,COD,Dem. Rep. of the Congo,BEN,Benin,NLD,Netherlands,1,"[25.0, 0.0]","[2.25, 9.5]","[5.75, 52.5]"
3,2003,SDN,Sudan,GIN,Guinea,NOR,Norway,1,"[30.0, 15.0]","[-10.0, 11.0]","[10.0, 62.0]"
4,2003,COD,Dem. Rep. of the Congo,BEN,Benin,CAN,Canada,1,"[25.0, 0.0]","[2.25, 9.5]","[-95.0, 60.0]"
5,2003,SDN,Sudan,NGA,Nigeria,CAN,Canada,4,"[30.0, 15.0]","[8.0, 10.0]","[-95.0, 60.0]"
6,2003,COD,Dem. Rep. of the Congo,GHA,Ghana,AUS,Australia,1,"[25.0, 0.0]","[-2.0, 8.0]","[133.0, -27.0]"
7,2003,SDN,Sudan,GHA,Ghana,AUS,Australia,8,"[30.0, 15.0]","[-2.0, 8.0]","[133.0, -27.0]"
8,2004,COD,Dem. Rep. of the Congo,GHA,Ghana,USA,United States of America,4,"[25.0, 0.0]","[-2.0, 8.0]","[-97.0, 38.0]"
9,2004,SDN,Sudan,GHA,Ghana,USA,United States of America,1,"[30.0, 15.0]","[-2.0, 8.0]","[-97.0, 38.0]"
10,2004,COD,Dem. Rep. of the Congo,GHA,Ghana,GBR,United Kingdom of Great Britain and Northern Ireland,1,"[25.0, 0.0]","[-2.0, 8.0]","[-2.0, 54.0]"
11,2004,COD,Dem. Rep. of the Congo,GAB,Gabon,CAN,Canada,4,"[25.0, 0.0]","[11.75, -1.0]","[-95.0, 60.0]"
12,2004,SDN,Sudan,GHA,Ghana,GBR,United Kingdom of Great Britain and Northern Ireland,1,"[30.0, 15.0]","[-2.0, 8.0]","[-2.0, 54.0]"
13,2004,COD,Dem. Rep. of the Congo,GHA,Ghana,CAN,Canada,1,"[25.0, 0.0]","[-2.0, 8.0]","[-95.0, 60.0]"
14,2004,COD,Dem. Rep. of the Congo,NGA,Nigeria,CAN,Canada,1,"[25.0, 0.0]","[8.0, 10.0]","[-95.0, 60.0]"
15,2005,COD,Dem. Rep. of the Congo,NER,Niger,USA,United States of America,1,"[25.0, 0.0]","[8.0, 16.0]","[-97.0, 38.0]"
16,2005,COD,Dem. Rep. of the Congo,BEN,Benin,CAN,Canada,10,"[25.0, 0.0]","[2.25, 9.5]","[-95.0, 60.0]"
17,2005,COD,Dem. Rep. of the Congo,NGA,Nigeria,USA,United States of America,5,"[25.0, 0.0]","[8.0, 10.0]","[-97.0, 38.0]"
18,2005,ERI,Eritrea,BFA,Burkina Faso,CAN,Canada,6,"[39.0, 15.0]","[-2.0, 13.0]","[-95.0, 60.0]"
19,2005,SDN,Sudan,NGA,Nigeria,USA,United States of America,1,"[30.0, 15.0]","[8.0, 10.0]","[-97.0, 38.0]"
20,2005,COD,Dem. Rep. of the Congo,CMR,Cameroon,CAN,Canada,32,"[25.0, 0.0]","[12.0, 6.0]","[-95.0, 60.0]"
21,2005,SDN,Sudan,CMR,Cameroon,CAN,Canada,2,"[30.0, 15.0]","[12.0, 6.0]","[-95.0, 60.0]"
22,2005,COD,Dem. Rep. of the Congo,BEN,Benin,NLD,Netherlands,2,"[25.0, 0.0]","[2.25, 9.5]","[5.75, 52.5]"
23,2005,COD,Dem. Rep. of the Congo,CMR,Cameroon,NLD,Netherlands,5,"[25.0, 0.0]","[12.0, 6.0]","[5.75, 52.5]"
24,2005,ERI,Eritrea,BFA,Burkina Faso,USA,United States of America,6,"[39.0, 15.0]","[-2.0, 13.0]","[-97.0, 38.0]"
25,2005,COD,Dem. Rep. of the Congo,CMR,Cameroon,USA,United States of America,19,"[25.0, 0.0]","[12.0, 6.0]","[-97.0, 38.0]"
26,2005,SDN,Sudan,GHA,Ghana,USA,United States of America,7,"[30.0, 15.0]","[-2.0, 8.0]","[-97.0, 38.0]"
27,2005,COD,Dem. Rep. of the Congo,NER,Niger,FIN,Finland,1,"[25.0, 0.0]","[8.0, 16.0]","[26.0, 64.0]"
28,2006,COD,Dem. Rep. of the Congo,CMR,Cameroon,FIN,Finland,3,"[25.0, 0.0]","[12.0, 6.0]","[26.0, 64.0]"
29,2006,COD,Dem. Rep. of the Congo,BEN,Benin,AUS,Australia,18,"[25.0, 0.0]","[2.25, 9.5]","[133.0, -27.0]"
30,2006,IRN,Iran (Islamic Rep. of),TCD,Chad,NLD,Netherlands,3,"[53.0, 32.0]","[19.0, 15.0]","[5.75, 52.5]"
31,2006,SDN,Sudan,GHA,Ghana,AUS,Australia,25,"[30.0, 15.0]","[-2.0, 8.0]","[133.0, -27.0]"
32,2006,COD,Dem. Rep. of the Congo,BEN,Benin,USA,United States of America,5,"[25.0, 0.0]","[2.25, 9.5]","[-97.0, 38.0]"
33,2006,COD,Dem. Rep. of the Congo,CMR,Cameroon,USA,United States of America,10,"[25.0, 0.0]","[12.0, 6.0]","[-97.0, 38.0]"
34,2006,COD,Dem. Rep. of the Congo,BEN,Benin,CAN,Canada,6,"[25.0, 0.0]","[2.25, 9.5]","[-95.0, 60.0]"
35,2006,COD,Dem. Rep. of the Congo,BEN,Benin,NOR,Norway,7,"[25.0, 0.0]","[2.25, 9.5]","[10.0, 62.0]"
36,2006,SDN,Sudan,CMR,Cameroon,USA,United States of America,1,"[30.0, 15.0]","[12.0, 6.0]","[-97.0, 38.0]"
37,2006,COD,Dem. Rep. of the Congo,GHA,Ghana,CAN,Canada,4,"[25.0, 0.0]","[-2.0, 8.0]","[-95.0, 60.0]"
38,2006,COD,Dem. Rep. of the Congo,BEN,Benin,NLD,Netherlands,4,"[25.0, 0.0]","[2.25, 9.5]","[5.75, 52.5]"
39,2006,COD,Dem. Rep. of the Congo,CMR,Cameroon,NOR,Norway,1,"[25.0, 0.0]","[12.0, 6.0]","[10.0, 62.0]"
40,2006,COD,Dem. Rep. of the Congo,CIV,Cote d'Ivoire,USA,United States of America,22,"[25.0, 0.0]","[-5.0, 8.0]","[-97.0, 38.0]"
41,2006,SDN,Sudan,GHA,Ghana,CAN,Canada,14,"[30.0, 15.0]","[-2.0, 8.0]","[-95.0, 60.0]"
42,2006,COD,Dem. Rep. of the Congo,NER,Niger,USA,United States of America,1,"[25.0, 0.0]","[8.0, 16.0]","[-97.0, 38.0]"
43,2006,COD,Dem. Rep. of the Congo,CIV,Cote d'Ivoire,CAN,Canada,21,"[25.0, 0.0]","[-5.0, 8.0]","[-95.0, 60.0]"
44,2006,COD,Dem. Rep. of the Congo,SEN,Senegal,USA,United States of America,4,"[25.0, 0.0]","[-14.0, 14.0]","[-97.0, 38.0]"
45,2006,COD,Dem. Rep. of the Congo,NGA,Nigeria,CAN,Canada,2,"[25.0, 0.0]","[8.0, 10.0]","[-95.0, 60.0]"
46,2006,SDN,Sudan,SEN,Senegal,USA,United States of America,1,"[30.0, 15.0]","[-14.0, 14.0]","[-97.0, 38.0]"
47,2007,SOM,Somalia,BEN,Benin,USA,United States of America,3,"[49.0, 10.0]","[2.25, 9.5]","[-97.0, 38.0]"
48,2007,SDN,Sudan,GHA,Ghana,CAN,Canada,13,"[30.0, 15.0]","[-2.0, 8.0]","[-95.0, 60.0]"
49,2007,COD,Dem. Rep. of the Congo,NER,Niger,USA,United States of America,23,"[25.0, 0.0]","[8.0, 16.0]","[-97.0, 38.0]"
50,2007,COD,Dem. Rep. of the Congo,BFA,Burkina Faso,USA,United States of America,1,"[25.0, 0.0]","[-2.0, 13.0]","[-97.0, 38.0]"
51,2007,SOM,Somalia,NER,Niger,FIN,Finland,2,"[49.0, 10.0]","[8.0, 16.0]","[26.0, 64.0]"
52,2007,AFG,Afghanistan,CIV,Cote d'Ivoire,CAN,Canada,6,"[65.0, 33.0]","[-5.0, 8.0]","[-95.0, 60.0]"
53,2007,SOM,Somalia,NER,Niger,USA,United States of America,1,"[49.0, 10.0]","[8.0, 16.0]","[-97.0, 38.0]"
54,2007,COD,Dem. Rep. of the Congo,NGA,Nigeria,NLD,Netherlands,3,"[25.0, 0.0]","[8.0, 10.0]","[5.75, 52.5]"
55,2007,COD,Dem. Rep. of the Congo,CAF,Central African Rep.,USA,United States of America,83,"[25.0, 0.0]","[21.0, 7.0]","[-97.0, 38.0]"
56,2007,COD,Dem. Rep. of the Congo,BEN,Benin,AUS,Australia,34,"[25.0, 0.0]","[2.25, 9.5]","[133.0, -27.0]"
57,2007,COD,Dem. Rep. of the Congo,CIV,Cote d'Ivoire,CAN,Canada,32,"[25.0, 0.0]","[-5.0, 8.0]","[-95.0, 60.0]"
58,2007,SDN,Sudan,NER,Niger,USA,United States of America,5,"[30.0, 15.0]","[8.0, 16.0]","[-97.0, 38.0]"
59,2007,SDN,Sudan,CAF,Central African Rep.,USA,United States of America,5,"[30.0, 15.0]","[21.0, 7.0]","[-97.0, 38.0]"
60,2007,COD,Dem. Rep. of the Congo,CMR,Cameroon,AUS,Australia,56,"[25.0, 0.0]","[12.0, 6.0]","[133.0, -27.0]"
61,2007,COD,Dem. Rep. of the Congo,NGA,Nigeria,CAN,Canada,85,"[25.0, 0.0]","[8.0, 10.0]","[-95.0, 60.0]"
62,2007,SDN,Sudan,NGA,Nigeria,USA,United States of America,1,"[30.0, 15.0]","[8.0, 10.0]","[-97.0, 38.0]"
63,2007,COD,Dem. Rep. of the Congo,CMR,Cameroon,USA,United States of America,73,"[25.0, 0.0]","[12.0, 6.0]","[-97.0, 38.0]"
64,2007,SDN,Sudan,CMR,Cameroon,AUS,Australia,1,"[30.0, 15.0]","[12.0, 6.0]","[133.0, -27.0]"
65,2007,SOM,Somalia,NGA,Nigeria,CAN,Canada,11,"[49.0, 10.0]","[8.0, 10.0]","[-95.0, 60.0]"
66,2007,COD,Dem. Rep. of the Congo,TGO,Togo,USA,United States of America,13,"[25.0, 0.0]","[1.1667, 8.0]","[-97.0, 38.0]"
67,2007,SDN,Sudan,CMR,Cameroon,USA,United States of America,1,"[30.0, 15.0]","[12.0, 6.0]","[-97.0, 38.0]"
68,2007,SOM,Somalia,GMB,Gambia,AUS,Australia,4,"[49.0, 10.0]","[-16.5667, 13.4667]","[133.0, -27.0]"
69,2007,SDN,Sudan,NGA,Nigeria,CAN,Canada,1,"[30.0, 15.0]","[8.0, 10.0]","[-95.0, 60.0]"
70,2007,COD,Dem. Rep. of the Congo,GAB,Gabon,USA,United States of America,7,"[25.0, 0.0]","[11.75, -1.0]","[-97.0, 38.0]"
71,2007,COD,Dem. Rep. of the Congo,NER,Niger,AUS,Australia,11,"[25.0, 0.0]","[8.0, 16.0]","[133.0, -27.0]"
72,2007,SDN,Sudan,GHA,Ghana,USA,United States of America,63,"[30.0, 15.0]","[-2.0, 8.0]","[-97.0, 38.0]"
73,2007,SDN,Sudan,NER,Niger,AUS,Australia,5,"[30.0, 15.0]","[8.0, 16.0]","[133.0, -27.0]"
74,2007,AFG,Afghanistan,CIV,Cote d'Ivoire,USA,United States of America,8,"[65.0, 33.0]","[-5.0, 8.0]","[-97.0, 38.0]"
75,2007,COD,Dem. Rep. of the Congo,BEN,Benin,CAN,Canada,8,"[25.0, 0.0]","[2.25, 9.5]","[-95.0, 60.0]"
76,2007,COD,Dem. Rep. of the Congo,CIV,Cote d'Ivoire,USA,United States of America,5,"[25.0, 0.0]","[-5.0, 8.0]","[-97.0, 38.0]"
77,2007,COD,Dem. Rep. of the Congo,BEN,Benin,USA,United States of America,20,"[25.0, 0.0]","[2.25, 9.5]","[-97.0, 38.0]"
78,2007,COD,Dem. Rep. of the Congo,GHA,Ghana,CAN,Canada,6,"[25.0, 0.0]","[-2.0, 8.0]","[-95.0, 60.0]"
79,2007,COD,Dem. Rep. of the Congo,MLI,Mali,USA,United States of America,26,"[25.0, 0.0]","[-4.0, 17.0]","[-97.0, 38.0]"
80,2008,SDN,Sudan,CMR,Cameroon,USA,United States of America,3,"[30.0, 15.0]","[12.0, 6.0]","[-97.0, 38.0]"
81,2008,COD,Dem. Rep. of the Congo,GMB,Gambia,USA,United States of America,1,"[25.0, 0.0]","[-16.5667, 13.4667]","[-97.0, 38.0]"
82,2008,SDN,Sudan,GMB,Gambia,USA,United States of America,1,"[30.0, 15.0]","[-16.5667, 13.4667]","[-97.0, 38.0]"
83,2008,ERI,Eritrea,GHA,Ghana,USA,United States of America,1,"[39.0, 15.0]","[-2.0, 8.0]","[-97.0, 38.0]"
84,2008,COD,Dem. Rep. of the Congo,CAF,Central African Rep.,NLD,Netherlands,8,"[25.0, 0.0]","[21.0, 7.0]","[5.75, 52.5]"
85,2008,SDN,Sudan,GHA,Ghana,USA,United States of America,167,"[30.0, 15.0]","[-2.0, 8.0]","[-97.0, 38.0]"
86,2008,COD,Dem. Rep. of the Congo,MLI,Mali,USA,United States of America,7,"[25.0, 0.0]","[-4.0, 17.0]","[-97.0, 38.0]"
87,2008,COD,Dem. Rep. of the Congo,CAF,Central African Rep.,USA,United States of America,12,"[25.0, 0.0]","[21.0, 7.0]","[-97.0, 38.0]"
88,2008,COD,Dem. Rep. of the Congo,NGA,Nigeria,USA,United States of America,52,"[25.0, 0.0]","[8.0, 10.0]","[-97.0, 38.0]"
89,2008,COD,Dem. Rep. of the Congo,GMB,Gambia,NOR,Norway,1,"[25.0, 0.0]","[-16.5667, 13.4667]","[10.0, 62.0]"
90,2008,COD,Dem. Rep. of the Congo,CMR,Cameroon,CAN,Canada,4,"[25.0, 0.0]","[12.0, 6.0]","[-95.0, 60.0]"
91,2008,SDN,Sudan,CAF,Central African Rep.,USA,United States of America,1,"[30.0, 15.0]","[21.0, 7.0]","[-97.0, 38.0]"
92,2008,SDN,Sudan,NGA,Nigeria,USA,United States of America,1,"[30.0, 15.0]","[8.0, 10.0]","[-97.0, 38.0]"
93,2008,COD,Dem. Rep. of the Congo,NGA,Nigeria,CAN,Canada,2,"[25.0, 0.0]","[8.0, 10.0]","[-95.0, 60.0]"
94,2008,COD,Dem. Rep. of the Congo,TCD,Chad,USA,United States of America,6,"[25.0, 0.0]","[19.0, 15.0]","[-97.0, 38.0]"
95,2008,COD,Dem. Rep. of the Congo,CMR,Cameroon,AUS,Australia,43,"[25.0, 0.0]","[12.0, 6.0]","[133.0, -27.0]"
96,2008,SDN,Sudan,TCD,Chad,USA,United States of America,170,"[30.0, 15.0]","[19.0, 15.0]","[-97.0, 38.0]"
97,2008,SDN,Sudan,CMR,Cameroon,AUS,Australia,6,"[30.0, 15.0]","[12.0, 6.0]","[133.0, -27.0]"
98,2008,COD,Dem. Rep. of the Congo,CMR,Cameroon,USA,United States of America,13,"[25.0, 0.0]","[12.0, 6.0]","[-97.0, 38.0]"
99,2009,COD,Dem. Rep. of the Congo,BEN,Benin,AUS,Australia,35,"[25.0, 0.0]","[2.25, 9.5]","[133.0, -27.0]"
100,2009,COD,Dem. Rep. of the Congo,NGA,Nigeria,CAN,Canada,42,"[25.0, 0.0]","[8.0, 10.0]","[-95.0, 60.0]"
101,2009,SDN,Sudan,TCD,Chad,USA,United States of America,630,"[30.0, 15.0]","[19.0, 15.0]","[-97.0, 38.0]"
102,2009,COD,Dem. Rep. of the Congo,TCD,Chad,FRA,France,4,"[25.0, 0.0]","[19.0, 15.0]","[2.0, 46.0]"
103,2009,SOM,Somalia,NGA,Nigeria,CAN,Canada,1,"[49.0, 10.0]","[8.0, 10.0]","[-95.0, 60.0]"
104,2009,IRQ,Iraq,BEN,Benin,AUS,Australia,2,"[44.0, 33.0]","[2.25, 9.5]","[133.0, -27.0]"
105,2009,COD,Dem. Rep. of the Congo,CMR,Cameroon,USA,United States of America,46,"[25.0, 0.0]","[12.0, 6.0]","[-97.0, 38.0]"
106,2009,SDN,Sudan,CMR,Cameroon,FRA,France,1,"[30.0, 15.0]","[12.0, 6.0]","[2.0, 46.0]"
107,2009,SDN,Sudan,NGA,Nigeria,CAN,Canada,8,"[30.0, 15.0]","[8.0, 10.0]","[-95.0, 60.0]"
108,2009,COD,Dem. Rep. of the Congo,CMR,Cameroon,AUS,Australia,29,"[25.0, 0.0]","[12.0, 6.0]","[133.0, -27.0]"
109,2009,ERI,Eritrea,CMR,Cameroon,USA,United States of America,2,"[39.0, 15.0]","[12.0, 6.0]","[-97.0, 38.0]"
110,2009,SDN,Sudan,CMR,Cameroon,USA,United States of America,4,"[30.0, 15.0]","[12.0, 6.0]","[-97.0, 38.0]"
111,2009,COD,Dem. Rep. of the Congo,GAB,Gabon,USA,United States of America,1,"[25.0, 0.0]","[11.75, -1.0]","[-97.0, 38.0]"
112,2009,SDN,Sudan,TCD,Chad,NLD,Netherlands,2,"[30.0, 15.0]","[19.0, 15.0]","[5.75, 52.5]"
113,2009,SDN,Sudan,GHA,Ghana,USA,United States of America,68,"[30.0, 15.0]","[-2.0, 8.0]","[-97.0, 38.0]"
114,2009,COD,Dem. Rep. of the Congo,MLI,Mali,USA,United States of America,4,"[25.0, 0.0]","[-4.0, 17.0]","[-97.0, 38.0]"
115,2009,COD,Dem. Rep. of the Congo,SEN,Senegal,USA,United States of America,3,"[25.0, 0.0]","[-14.0, 14.0]","[-97.0, 38.0]"
116,2009,COD,Dem. Rep. of the Congo,NGA,Nigeria,USA,United States of America,73,"[25.0, 0.0]","[8.0, 10.0]","[-97.0, 38.0]"
117,2009,SDN,Sudan,TCD,Chad,DNK,Denmark,6,"[30.0, 15.0]","[19.0, 15.0]","[10.0, 56.0]"
118,2009,SDN,Sudan,SEN,Senegal,USA,United States of America,2,"[30.0, 15.0]","[-14.0, 14.0]","[-97.0, 38.0]"
119,2009,SDN,Sudan,TCD,Chad,NOR,Norway,6,"[30.0, 15.0]","[19.0, 15.0]","[10.0, 62.0]"
120,2009,COD,Dem. Rep. of the Congo,CAF,Central African Rep.,USA,United States of America,1,"[25.0, 0.0]","[21.0, 7.0]","[-97.0, 38.0]"
121,2009,SDN,Sudan,NGA,Nigeria,USA,United States of America,17,"[30.0, 15.0]","[8.0, 10.0]","[-97.0, 38.0]"
122,2009,COD,Dem. Rep. of the Congo,CMR,Cameroon,DNK,Denmark,3,"[25.0, 0.0]","[12.0, 6.0]","[10.0, 56.0]"
123,2009,COD,Dem. Rep. of the Congo,CMR,Cameroon,NOR,Norway,3,"[25.0, 0.0]","[12.0, 6.0]","[10.0, 62.0]"
124,2009,COD,Dem. Rep. of the Congo,CAF,Central African Rep.,CAN,Canada,35,"[25.0, 0.0]","[21.0, 7.0]","[-95.0, 60.0]"
125,2009,SDN,Sudan,CAF,Central African Rep.,USA,United States of America,12,"[30.0, 15.0]","[21.0, 7.0]","[-97.0, 38.0]"
126,2009,COD,Dem. Rep. of the Congo,NGA,Nigeria,DNK,Denmark,5,"[25.0, 0.0]","[8.0, 10.0]","[10.0, 56.0]"
127,2009,COD,Dem. Rep. of the Congo,MLI,Mali,NOR,Norway,6,"[25.0, 0.0]","[-4.0, 17.0]","[10.0, 62.0]"
128,2009,SDN,Sudan,TCD,Chad,CAN,Canada,1,"[30.0, 15.0]","[19.0, 15.0]","[-95.0, 60.0]"
129,2009,COD,Dem. Rep. of the Congo,TCD,Chad,USA,United States of America,7,"[25.0, 0.0]","[19.0, 15.0]","[-97.0, 38.0]"
130,2010,COD,Dem. Rep. of the Congo,CMR,Cameroon,DNK,Denmark,3,"[25.0, 0.0]","[12.0, 6.0]","[10.0, 56.0]"
131,2010,SOM,Somalia,TCD,Chad,USA,United States of America,7,"[49.0, 10.0]","[19.0, 15.0]","[-97.0, 38.0]"
132,2010,COD,Dem. Rep. of the Congo,CAF,Central African Rep.,NOR,Norway,3,"[25.0, 0.0]","[21.0, 7.0]","[10.0, 62.0]"
133,2010,SDN,Sudan,TCD,Chad,USA,United States of America,488,"[30.0, 15.0]","[19.0, 15.0]","[-97.0, 38.0]"
134,2010,COD,Dem. Rep. of the Congo,NGA,Nigeria,NOR,Norway,6,"[25.0, 0.0]","[8.0, 10.0]","[10.0, 62.0]"
135,2010,COD,Dem. Rep. of the Congo,CMR,Cameroon,USA,United States of America,24,"[25.0, 0.0]","[12.0, 6.0]","[-97.0, 38.0]"
136,2010,SDN,Sudan,CMR,Cameroon,USA,United States of America,3,"[30.0, 15.0]","[12.0, 6.0]","[-97.0, 38.0]"
137,2010,COD,Dem. Rep. of the Congo,CAF,Central African Rep.,CAN,Canada,36,"[25.0, 0.0]","[21.0, 7.0]","[-95.0, 60.0]"
138,2010,SDN,Sudan,GHA,Ghana,AUS,Australia,2,"[30.0, 15.0]","[-2.0, 8.0]","[133.0, -27.0]"
139,2010,AFG,Afghanistan,MLI,Mali,SWE,Sweden,2,"[65.0, 33.0]","[-4.0, 17.0]","[15.0, 62.0]"
140,2010,COD,Dem. Rep. of the Congo,GHA,Ghana,USA,United States of America,1,"[25.0, 0.0]","[-2.0, 8.0]","[-97.0, 38.0]"
141,2010,SDN,Sudan,CAF,Central African Rep.,CAN,Canada,1,"[30.0, 15.0]","[21.0, 7.0]","[-95.0, 60.0]"
142,2010,SDN,Sudan,GHA,Ghana,USA,United States of America,102,"[30.0, 15.0]","[-2.0, 8.0]","[-97.0, 38.0]"
143,2010,COD,Dem. Rep. of the Congo,CMR,Cameroon,CAN,Canada,4,"[25.0, 0.0]","[12.0, 6.0]","[-95.0, 60.0]"
144,2010,COD,Dem. Rep. of the Congo,CAF,Central African Rep.,NLD,Netherlands,1,"[25.0, 0.0]","[21.0, 7.0]","[5.75, 52.5]"
145,2010,COD,Dem. Rep. of the Congo,CIV,Cote d'Ivoire,USA,United States of America,9,"[25.0, 0.0]","[-5.0, 8.0]","[-97.0, 38.0]"
146,2010,SDN,Sudan,CAF,Central African Rep.,NLD,Netherlands,8,"[30.0, 15.0]","[21.0, 7.0]","[5.75, 52.5]"
147,2010,COD,Dem. Rep. of the Congo,MLI,Mali,USA,United States of America,15,"[25.0, 0.0]","[-4.0, 17.0]","[-97.0, 38.0]"
148,2010,COD,Dem. Rep. of the Congo,NGA,Nigeria,USA,United States of America,5,"[25.0, 0.0]","[8.0, 10.0]","[-97.0, 38.0]"
149,2010,COD,Dem. Rep. of the Congo,CAF,Central African Rep.,USA,United States of America,30,"[25.0, 0.0]","[21.0, 7.0]","[-97.0, 38.0]"
150,2010,SOM,Somalia,NGA,Nigeria,USA,United States of America,1,"[49.0, 10.0]","[8.0, 10.0]","[-97.0, 38.0]"
151,2010,SDN,Sudan,CAF,Central African Rep.,USA,United States of America,5,"[30.0, 15.0]","[21.0, 7.0]","[-97.0, 38.0]"
152,2010,SDN,Sudan,NGA,Nigeria,USA,United States of America,9,"[30.0, 15.0]","[8.0, 10.0]","[-97.0, 38.0]"
153,2011,COD,Dem. Rep. of the Congo,TCD,Chad,USA,United States of America,1,"[25.0, 0.0]","[19.0, 15.0]","[-97.0, 38.0]"
154,2011,SDN,Sudan,TCD,Chad,DNK,Denmark,5,"[30.0, 15.0]","[19.0, 15.0]","[10.0, 56.0]"
155,2011,SDN,Sudan,TCD,Chad,USA,United States of America,196,"[30.0, 15.0]","[19.0, 15.0]","[-97.0, 38.0]"
156,2011,SDN,Sudan,TCD,Chad,NZL,New Zealand,6,"[30.0, 15.0]","[19.0, 15.0]","[174.0, -41.0]"
157,2011,SDN,Sudan,TCD,Chad,NOR,Norway,2,"[30.0, 15.0]","[19.0, 15.0]","[10.0, 62.0]"
158,2011,COD,Dem. Rep. of the Congo,CMR,Cameroon,USA,United States of America,11,"[25.0, 0.0]","[12.0, 6.0]","[-97.0, 38.0]"
159,2011,COD,Dem. Rep. of the Congo,NGA,Nigeria,NOR,Norway,20,"[25.0, 0.0]","[8.0, 10.0]","[10.0, 62.0]"
160,2011,SDN,Sudan,GHA,Ghana,USA,United States of America,43,"[30.0, 15.0]","[-2.0, 8.0]","[-97.0, 38.0]"
161,2011,COD,Dem. Rep. of the Congo,NGA,Nigeria,USA,United States of America,9,"[25.0, 0.0]","[8.0, 10.0]","[-97.0, 38.0]"
162,2011,SOM,Somalia,NGA,Nigeria,USA,United States of America,2,"[49.0, 10.0]","[8.0, 10.0]","[-97.0, 38.0]"
163,2011,SDN,Sudan,TCD,Chad,CAN,Canada,1,"[30.0, 15.0]","[19.0, 15.0]","[-95.0, 60.0]"
164,2011,COD,Dem. Rep. of the Congo,NGA,Nigeria,CAN,Canada,1,"[25.0, 0.0]","[8.0, 10.0]","[-95.0, 60.0]"
165,2011,SDN,Sudan,TCD,Chad,GBR,United Kingdom of Great Britain and Northern Ireland,2,"[30.0, 15.0]","[19.0, 15.0]","[-2.0, 54.0]"
166,2012,SDN,Sudan,CMR,Cameroon,CAN,Canada,5,"[30.0, 15.0]","[12.0, 6.0]","[-95.0, 60.0]"
167,2012,AFG,Afghanistan,CIV,Cote d'Ivoire,CAN,Canada,11,"[65.0, 33.0]","[-5.0, 8.0]","[-95.0, 60.0]"
168,2012,COD,Dem. Rep. of the Congo,TCD,Chad,DNK,Denmark,5,"[25.0, 0.0]","[19.0, 15.0]","[10.0, 56.0]"
169,2012,COD,Dem. Rep. of the Congo,NGA,Nigeria,CAN,Canada,21,"[25.0, 0.0]","[8.0, 10.0]","[-95.0, 60.0]"
170,2012,SDN,Sudan,TCD,Chad,DNK,Denmark,4,"[30.0, 15.0]","[19.0, 15.0]","[10.0, 56.0]"
171,2012,SDN,Sudan,TCD,Chad,SWE,Sweden,4,"[30.0, 15.0]","[19.0, 15.0]","[15.0, 62.0]"
172,2012,COD,Dem. Rep. of the Congo,CMR,Cameroon,USA,United States of America,8,"[25.0, 0.0]","[12.0, 6.0]","[-97.0, 38.0]"
173,2012,COD,Dem. Rep. of the Congo,GAB,Gabon,USA,United States of America,2,"[25.0, 0.0]","[11.75, -1.0]","[-97.0, 38.0]"
174,2012,COD,Dem. Rep. of the Congo,BEN,Benin,CAN,Canada,25,"[25.0, 0.0]","[2.25, 9.5]","[-95.0, 60.0]"
175,2012,SDN,Sudan,GHA,Ghana,USA,United States of America,34,"[30.0, 15.0]","[-2.0, 8.0]","[-97.0, 38.0]"
176,2012,COD,Dem. Rep. of the Congo,TCD,Chad,CAN,Canada,2,"[25.0, 0.0]","[19.0, 15.0]","[-95.0, 60.0]"
177,2012,COD,Dem. Rep. of the Congo,NGA,Nigeria,USA,United States of America,26,"[25.0, 0.0]","[8.0, 10.0]","[-97.0, 38.0]"
178,2012,ERI,Eritrea,CMR,Cameroon,CAN,Canada,4,"[39.0, 15.0]","[12.0, 6.0]","[-95.0, 60.0]"
179,2013,SDN,Sudan,TCD,Chad,USA,United States of America,1129,"[30.0, 15.0]","[19.0, 15.0]","[-97.0, 38.0]"
180,2013,COD,Dem. Rep. of the Congo,TGO,Togo,CAN,Canada,3,"[25.0, 0.0]","[1.1667, 8.0]","[-95.0, 60.0]"
181,2013,COD,Dem. Rep. of the Congo,CMR,Cameroon,USA,United States of America,11,"[25.0, 0.0]","[12.0, 6.0]","[-97.0, 38.0]"
182,2013,SOM,Somalia,CMR,Cameroon,USA,United States of America,1,"[49.0, 10.0]","[12.0, 6.0]","[-97.0, 38.0]"
183,2013,COD,Dem. Rep. of the Congo,NGA,Nigeria,FRA,France,7,"[25.0, 0.0]","[8.0, 10.0]","[2.0, 46.0]"
184,2013,COD,Dem. Rep. of the Congo,TCD,Chad,CAN,Canada,42,"[25.0, 0.0]","[19.0, 15.0]","[-95.0, 60.0]"
185,2013,SDN,Sudan,GHA,Ghana,USA,United States of America,17,"[30.0, 15.0]","[-2.0, 8.0]","[-97.0, 38.0]"
186,2013,SDN,Sudan,TCD,Chad,DNK,Denmark,21,"[30.0, 15.0]","[19.0, 15.0]","[10.0, 56.0]"
187,2013,SDN,Sudan,TCD,Chad,CAN,Canada,23,"[30.0, 15.0]","[19.0, 15.0]","[-95.0, 60.0]"
188,2013,COD,Dem. Rep. of the Congo,NGA,Nigeria,USA,United States of America,1,"[25.0, 0.0]","[8.0, 10.0]","[-97.0, 38.0]"
189,2013,COD,Dem. Rep. of the Congo,CMR,Cameroon,CAN,Canada,7,"[25.0, 0.0]","[12.0, 6.0]","[-95.0, 60.0]"
190,2013,ERI,Eritrea,CMR,Cameroon,CAN,Canada,1,"[39.0, 15.0]","[12.0, 6.0]","[-95.0, 60.0]"
191,2013,SOM,Somalia,CMR,Cameroon,CAN,Canada,1,"[49.0, 10.0]","[12.0, 6.0]","[-95.0, 60.0]"
192,2013,COD,Dem. Rep. of the Congo,NGA,Nigeria,NLD,Netherlands,7,"[25.0, 0.0]","[8.0, 10.0]","[5.75, 52.5]"
193,2013,SDN,Sudan,GHA,Ghana,CAN,Canada,26,"[30.0, 15.0]","[-2.0, 8.0]","[-95.0, 60.0]"
194,2013,COD,Dem. Rep. of the Congo,CIV,Cote d'Ivoire,CAN,Canada,10,"[25.0, 0.0]","[-5.0, 8.0]","[-95.0, 60.0]"
195,2013,COD,Dem. Rep. of the Congo,TCD,Chad,USA,United States of America,4,"[25.0, 0.0]","[19.0, 15.0]","[-97.0, 38.0]"
196,2013,COD,Dem. Rep. of the Congo,NGA,Nigeria,CAN,Canada,19,"[25.0, 0.0]","[8.0, 10.0]","[-95.0, 60.0]"
197,2014,SOM,Somalia,GHA,Ghana,USA,United States of America,6,"[49.0, 10.0]","[-2.0, 8.0]","[-97.0, 38.0]"
198,2014,SDN,Sudan,GHA,Ghana,USA,United States of America,78,"[30.0, 15.0]","[-2.0, 8.0]","[-97.0, 38.0]"
199,2014,SDN,Sudan,BEN,Benin,CAN,Canada,1,"[30.0, 15.0]","[2.25, 9.5]","[-95.0, 60.0]"
200,2014,COD,Dem. Rep. of the Congo,NGA,Nigeria,USA,United States of America,7,"[25.0, 0.0]","[8.0, 10.0]","[-97.0, 38.0]"
201,2014,COD,Dem. Rep. of the Congo,TCD,Chad,CAN,Canada,16,"[25.0, 0.0]","[19.0, 15.0]","[-95.0, 60.0]"
202,2014,SDN,Sudan,NGA,Nigeria,USA,United States of America,7,"[30.0, 15.0]","[8.0, 10.0]","[-97.0, 38.0]"
203,2014,SDN,Sudan,TCD,Chad,CAN,Canada,107,"[30.0, 15.0]","[19.0, 15.0]","[-95.0, 60.0]"
204,2014,COD,Dem. Rep. of the Congo,NGA,Nigeria,FRA,France,3,"[25.0, 0.0]","[8.0, 10.0]","[2.0, 46.0]"
205,2014,SDN,Sudan,TCD,Chad,NOR,Norway,23,"[30.0, 15.0]","[19.0, 15.0]","[10.0, 62.0]"
206,2014,COD,Dem. Rep. of the Congo,TGO,Togo,USA,United States of America,8,"[25.0, 0.0]","[1.1667, 8.0]","[-97.0, 38.0]"
207,2014,ERI,Eritrea,GMB,Gambia,CAN,Canada,1,"[39.0, 15.0]","[-16.5667, 13.4667]","[-95.0, 60.0]"
208,2014,SDN,Sudan,TCD,Chad,DNK,Denmark,15,"[30.0, 15.0]","[19.0, 15.0]","[10.0, 56.0]"
209,2014,COD,Dem. Rep. of the Congo,TCD,Chad,USA,United States of America,5,"[25.0, 0.0]","[19.0, 15.0]","[-97.0, 38.0]"
210,2014,SDN,Sudan,GHA,Ghana,CAN,Canada,19,"[30.0, 15.0]","[-2.0, 8.0]","[-95.0, 60.0]"
211,2014,COD,Dem. Rep. of the Congo,NGA,Nigeria,DNK,Denmark,1,"[25.0, 0.0]","[8.0, 10.0]","[10.0, 56.0]"
212,2014,COD,Dem. Rep. of the Congo,CIV,Cote d'Ivoire,CAN,Canada,14,"[25.0, 0.0]","[-5.0, 8.0]","[-95.0, 60.0]"
213,2014,SDN,Sudan,TCD,Chad,USA,United States of America,541,"[30.0, 15.0]","[19.0, 15.0]","[-97.0, 38.0]"
214,2014,COD,Dem. Rep. of the Congo,CMR,Cameroon,USA,United States of America,5,"[25.0, 0.0]","[12.0, 6.0]","[-97.0, 38.0]"
215,2014,SDN,Sudan,TCD,Chad,NLD,Netherlands,6,"[30.0, 15.0]","[19.0, 15.0]","[5.75, 52.5]"
216,2014,SDN,Sudan,CMR,Cameroon,USA,United States of America,7,"[30.0, 15.0]","[12.0, 6.0]","[-97.0, 38.0]"
217,2014,COD,Dem. Rep. of the Congo,GHA,Ghana,USA,United States of America,1,"[25.0, 0.0]","[-2.0, 8.0]","[-97.0, 38.0]"
218,2014,SDN,Sudan,TCD,Chad,GBR,United Kingdom of Great Britain and Northern Ireland,1,"[30.0, 15.0]","[19.0, 15.0]","[-2.0, 54.0]"
219,2015,ERI,Eritrea,CMR,Cameroon,CAN,Canada,1,"[39.0, 15.0]","[12.0, 6.0]","[-95.0, 60.0]"
220,2015,SDN,Sudan,GHA,Ghana,CAN,Canada,13,"[30.0, 15.0]","[-2.0, 8.0]","[-95.0, 60.0]"
221,2015,COD,Dem. Rep. of the Congo,GIN,Guinea,CAN,Canada,10,"[25.0, 0.0]","[-10.0, 11.0]","[-95.0, 60.0]"
222,2015,COD,Dem. Rep. of the Congo,MLI,Mali,CAN,Canada,11,"[25.0, 0.0]","[-4.0, 17.0]","[-95.0, 60.0]"
223,2015,SDN,Sudan,SEN,Senegal,CAN,Canada,1,"[30.0, 15.0]","[-14.0, 14.0]","[-95.0, 60.0]"
224,2015,ERI,Eritrea,LBR,Liberia,FRA,France,6,"[39.0, 15.0]","[-9.5, 6.5]","[2.0, 46.0]"
225,2015,SDN,Sudan,TCD,Chad,NOR,Norway,7,"[30.0, 15.0]","[19.0, 15.0]","[10.0, 62.0]"
226,2015,COD,Dem. Rep. of the Congo,TCD,Chad,USA,United States of America,2,"[25.0, 0.0]","[19.0, 15.0]","[-97.0, 38.0]"
227,2015,SDN,Sudan,TCD,Chad,SWE,Sweden,21,"[30.0, 15.0]","[19.0, 15.0]","[15.0, 62.0]"
228,2015,ERI,Eritrea,LBR,Liberia,NOR,Norway,5,"[39.0, 15.0]","[-9.5, 6.5]","[10.0, 62.0]"
229,2015,SDN,Sudan,TCD,Chad,USA,United States of America,840,"[30.0, 15.0]","[19.0, 15.0]","[-97.0, 38.0]"
230,2015,COD,Dem. Rep. of the Congo,CMR,Cameroon,USA,United States of America,6,"[25.0, 0.0]","[12.0, 6.0]","[-97.0, 38.0]"
231,2015,SDN,Sudan,TCD,Chad,DNK,Denmark,10,"[30.0, 15.0]","[19.0, 15.0]","[10.0, 56.0]"
232,2015,SDN,Sudan,BEN,Benin,CAN,Canada,1,"[30.0, 15.0]","[2.25, 9.5]","[-95.0, 60.0]"
233,2015,COD,Dem. Rep. of the Congo,GHA,Ghana,USA,United States of America,3,"[25.0, 0.0]","[-2.0, 8.0]","[-97.0, 38.0]"
234,2015,COD,Dem. Rep. of the Congo,LBR,Liberia,DNK,Denmark,1,"[25.0, 0.0]","[-9.5, 6.5]","[10.0, 56.0]"
235,2015,SDN,Sudan,BFA,Burkina Faso,CAN,Canada,8,"[30.0, 15.0]","[-2.0, 13.0]","[-95.0, 60.0]"
236,2015,SDN,Sudan,GHA,Ghana,USA,United States of America,23,"[30.0, 15.0]","[-2.0, 8.0]","[-97.0, 38.0]"
237,2015,COD,Dem. Rep. of the Congo,LBR,Liberia,NLD,Netherlands,1,"[25.0, 0.0]","[-9.5, 6.5]","[5.75, 52.5]"
238,2015,SDN,Sudan,TCD,Chad,CAN,Canada,12,"[30.0, 15.0]","[19.0, 15.0]","[-95.0, 60.0]"
239,2015,COD,Dem. Rep. of the Congo,TGO,Togo,USA,United States of America,1,"[25.0, 0.0]","[1.1667, 8.0]","[-97.0, 38.0]"
240,2016,COD,Dem. Rep. of the Congo,TGO,Togo,CAN,Canada,8,"[25.0, 0.0]","[1.1667, 8.0]","[-95.0, 60.0]"
241,2016,SOM,Somalia,TCD,Chad,USA,United States of America,1,"[49.0, 10.0]","[19.0, 15.0]","[-97.0, 38.0]"
242,2016,SDN,Sudan,TCD,Chad,USA,United States of America,2216,"[30.0, 15.0]","[19.0, 15.0]","[-97.0, 38.0]"
243,2016,COD,Dem. Rep. of the Congo,CMR,Cameroon,USA,United States of America,3,"[25.0, 0.0]","[12.0, 6.0]","[-97.0, 38.0]"
244,2016,SYR,Syrian Arab Rep.,CMR,Cameroon,USA,United States of America,4,"[38.0, 35.0]","[12.0, 6.0]","[-97.0, 38.0]"
245,2016,IRQ,Iraq,GHA,Ghana,USA,United States of America,4,"[44.0, 33.0]","[-2.0, 8.0]","[-97.0, 38.0]"
246,2016,COD,Dem. Rep. of the Congo,BFA,Burkina Faso,CAN,Canada,2,"[25.0, 0.0]","[-2.0, 13.0]","[-95.0, 60.0]"
247,2016,SDN,Sudan,GHA,Ghana,USA,United States of America,24,"[30.0, 15.0]","[-2.0, 8.0]","[-97.0, 38.0]"
248,2016,SDN,Sudan,TCD,Chad,FRA,France,1,"[30.0, 15.0]","[19.0, 15.0]","[2.0, 46.0]"
249,2016,ERI,Eritrea,BFA,Burkina Faso,CAN,Canada,1,"[39.0, 15.0]","[-2.0, 13.0]","[-95.0, 60.0]"
250,2016,SOM,Somalia,TCD,Chad,SWE,Sweden,1,"[49.0, 10.0]","[19.0, 15.0]","[15.0, 62.0]"
251,2016,SYR,Syrian Arab Rep.,GHA,Ghana,USA,United States of America,4,"[38.0, 35.0]","[-2.0, 8.0]","[-97.0, 38.0]"
252,2016,COD,Dem. Rep. of the Congo,TCD,Chad,CAN,Canada,4,"[25.0, 0.0]","[19.0, 15.0]","[-95.0, 60.0]"
253,2016,SDN,Sudan,TCD,Chad,SWE,Sweden,8,"[30.0, 15.0]","[19.0, 15.0]","[15.0, 62.0]"
254,2016,COD,Dem. Rep. of the Congo,NGA,Nigeria,USA,United States of America,3,"[25.0, 0.0]","[8.0, 10.0]","[-97.0, 38.0]"
255,2016,COD,Dem. Rep. of the Congo,CMR,Cameroon,CAN,Canada,3,"[25.0, 0.0]","[12.0, 6.0]","[-95.0, 60.0]"
256,2016,COD,Dem. Rep. of the Congo,TGO,Togo,USA,United States of America,4,"[25.0, 0.0]","[1.1667, 8.0]","[-97.0, 38.0]"
257,2016,SDN,Sudan,TCD,Chad,DNK,Denmark,7,"[30.0, 15.0]","[19.0, 15.0]","[10.0, 56.0]"
258,2016,ERI,Eritrea,SEN,Senegal,CAN,Canada,1,"[39.0, 15.0]","[-14.0, 14.0]","[-95.0, 60.0]"
259,2016,SDN,Sudan,SEN,Senegal,CAN,Canada,3,"[30.0, 15.0]","[-14.0, 14.0]","[-95.0, 60.0]"
260,2017,SDN,Sudan,TCD,Chad,CAN,Canada,144,"[30.0, 15.0]","[19.0, 15.0]","[-95.0, 60.0]"
261,2017,SDN,Sudan,GHA,Ghana,USA,United States of America,16,"[30.0, 15.0]","[-2.0, 8.0]","[-97.0, 38.0]"
262,2017,SDN,Sudan,TCD,Chad,FIN,Finland,8,"[30.0, 15.0]","[19.0, 15.0]","[26.0, 64.0]"
263,2017,SDN,Sudan,CMR,Cameroon,USA,United States of America,2,"[30.0, 15.0]","[12.0, 6.0]","[-97.0, 38.0]"
264,2017,SDN,Sudan,TCD,Chad,USA,United States of America,324,"[30.0, 15.0]","[19.0, 15.0]","[-97.0, 38.0]"
265,2017,SDN,Sudan,TCD,Chad,FRA,France,274,"[30.0, 15.0]","[19.0, 15.0]","[2.0, 46.0]"
266,2017,SDN,Sudan,TCD,Chad,NOR,Norway,9,"[30.0, 15.0]","[19.0, 15.0]","[10.0, 62.0]"
267,2017,SOM,Somalia,TCD,Chad,NOR,Norway,1,"[49.0, 10.0]","[19.0, 15.0]","[10.0, 62.0]"
268,2017,SYR,Syrian Arab Rep.,NER,Niger,SWE,Sweden,1,"[38.0, 35.0]","[8.0, 16.0]","[15.0, 62.0]"
269,2017,SYR,Syrian Arab Rep.,CMR,Cameroon,SWE,Sweden,4,"[38.0, 35.0]","[12.0, 6.0]","[15.0, 62.0]"
270,2017,SDN,Sudan,TCD,Chad,SWE,Sweden,41,"[30.0, 15.0]","[19.0, 15.0]","[15.0, 62.0]"
271,2018,ERI,Eritrea,NER,Niger,CHE,Switzerland,67,"[39.0, 15.0]","[8.0, 16.0]","[8.0, 47.0]"
272,2018,SYR,Syrian Arab Rep.,NER,Niger,FRA,France,1,"[38.0, 35.0]","[8.0, 16.0]","[2.0, 46.0]"
273,2018,ERI,Eritrea,NER,Niger,GBR,United Kingdom of Great Britain and Northern Ireland,84,"[39.0, 15.0]","[8.0, 16.0]","[-2.0, 54.0]"
274,2018,SOM,Somalia,NER,Niger,NLD,Netherlands,1,"[49.0, 10.0]","[8.0, 16.0]","[5.75, 52.5]"
275,2018,COD,Dem. Rep. of the Congo,NGA,Nigeria,SWE,Sweden,2,"[25.0, 0.0]","[8.0, 10.0]","[15.0, 62.0]"
276,2018,SOM,Somalia,NER,Niger,CHE,Switzerland,10,"[49.0, 10.0]","[8.0, 16.0]","[8.0, 47.0]"
277,2018,SDN,Sudan,TCD,Chad,FRA,France,762,"[30.0, 15.0]","[19.0, 15.0]","[2.0, 46.0]"
278,2018,SOM,Somalia,NER,Niger,GBR,United Kingdom of Great Britain and Northern Ireland,3,"[49.0, 10.0]","[8.0, 16.0]","[-2.0, 54.0]"
279,2018,ERI,Eritrea,NER,Niger,SWE,Sweden,262,"[39.0, 15.0]","[8.0, 16.0]","[15.0, 62.0]"
280,2018,ERI,Eritrea,NER,Niger,CAN,Canada,82,"[39.0, 15.0]","[8.0, 16.0]","[-95.0, 60.0]"
281,2018,SOM,Somalia,NER,Niger,SWE,Sweden,41,"[49.0, 10.0]","[8.0, 16.0]","[15.0, 62.0]"
282,2018,ERI,Eritrea,NER,Niger,FIN,Finland,57,"[39.0, 15.0]","[8.0, 16.0]","[26.0, 64.0]"
283,2018,SOM,Somalia,NER,Niger,CAN,Canada,3,"[49.0, 10.0]","[8.0, 16.0]","[-95.0, 60.0]"
284,2018,SDN,Sudan,NER,Niger,SWE,Sweden,7,"[30.0, 15.0]","[8.0, 16.0]","[15.0, 62.0]"
285,2018,SOM,Somalia,NER,Niger,BEL,Belgium,12,"[49.0, 10.0]","[8.0, 16.0]","[4.0, 50.8333]"
286,2018,SOM,Somalia,NER,Niger,FIN,Finland,5,"[49.0, 10.0]","[8.0, 16.0]","[26.0, 64.0]"
287,2018,SDN,Sudan,NER,Niger,CAN,Canada,10,"[30.0, 15.0]","[8.0, 16.0]","[-95.0, 60.0]"
288,2018,ERI,Eritrea,NER,Niger,USA,United States of America,96,"[39.0, 15.0]","[8.0, 16.0]","[-97.0, 38.0]"
289,2018,SYR,Syrian Arab Rep.,NER,Niger,SWE,Sweden,2,"[38.0, 35.0]","[8.0, 16.0]","[15.0, 62.0]"
290,2018,ERI,Eritrea,NER,Niger,BEL,Belgium,34,"[39.0, 15.0]","[8.0, 16.0]","[4.0, 50.8333]"
291,2018,SDN,Sudan,NER,Niger,FIN,Finland,8,"[30.0, 15.0]","[8.0, 16.0]","[26.0, 64.0]"
292,2018,SDN,Sudan,TCD,Chad,CAN,Canada,19,"[30.0, 15.0]","[19.0, 15.0]","[-95.0, 60.0]"
293,2018,ERI,Eritrea,NER,Niger,DEU,Germany,279,"[39.0, 15.0]","[8.0, 16.0]","[9.0, 51.0]"
294,2018,SOM,Somalia,NER,Niger,USA,United States of America,1,"[49.0, 10.0]","[8.0, 16.0]","[-97.0, 38.0]"
295,2018,SDN,Sudan,TCD,Chad,SWE,Sweden,75,"[30.0, 15.0]","[19.0, 15.0]","[15.0, 62.0]"
296,2018,SDN,Sudan,TCD,Chad,FIN,Finland,4,"[30.0, 15.0]","[19.0, 15.0]","[26.0, 64.0]"
297,2018,SYR,Syrian Arab Rep.,TCD,Chad,CAN,Canada,9,"[38.0, 35.0]","[19.0, 15.0]","[-95.0, 60.0]"
298,2018,SOM,Somalia,NER,Niger,DEU,Germany,47,"[49.0, 10.0]","[8.0, 16.0]","[9.0, 51.0]"
299,2018,SDN,Sudan,NER,Niger,USA,United States of America,1,"[30.0, 15.0]","[8.0, 16.0]","[-97.0, 38.0]"
300,2018,SDN,Sudan,CMR,Cameroon,USA,United States of America,5,"[30.0, 15.0]","[12.0, 6.0]","[-97.0, 38.0]"
301,2018,ERI,Eritrea,NER,Niger,FRA,France,311,"[39.0, 15.0]","[8.0, 16.0]","[2.0, 46.0]"
302,2018,COD,Dem. Rep. of the Congo,CMR,Cameroon,USA,United States of America,7,"[25.0, 0.0]","[12.0, 6.0]","[-97.0, 38.0]"
303,2018,SOM,Somalia,NER,Niger,FRA,France,50,"[49.0, 10.0]","[8.0, 16.0]","[2.0, 46.0]"
304,2018,COD,Dem. Rep. of the Congo,NGA,Nigeria,NOR,Norway,2,"[25.0, 0.0]","[8.0, 10.0]","[10.0, 62.0]"
305,2018,SDN,Sudan,TCD,Chad,USA,United States of America,434,"[30.0, 15.0]","[19.0, 15.0]","[-97.0, 38.0]"
306,2018,SDN,Sudan,NER,Niger,FRA,France,11,"[30.0, 15.0]","[8.0, 16.0]","[2.0, 46.0]"
307,2018,ERI,Eritrea,NER,Niger,NOR,Norway,1,"[39.0, 15.0]","[8.0, 16.0]","[10.0, 62.0]"
308,2018,ERI,Eritrea,NER,Niger,NLD,Netherlands,27,"[39.0, 15.0]","[8.0, 16.0]","[5.75, 52.5]"
309,2019,ERI,Eritrea,NER,Niger,NOR,Norway,2,"[39.0, 15.0]","[8.0, 16.0]","[10.0, 62.0]"
310,2019,ERI,Eritrea,NER,Niger,USA,United States of America,77,"[39.0, 15.0]","[8.0, 16.0]","[-97.0, 38.0]"
311,2019,SOM,Somalia,NER,Niger,CAN,Canada,42,"[49.0, 10.0]","[8.0, 16.0]","[-95.0, 60.0]"
312,2019,SOM,Somalia,NER,Niger,LUX,Luxembourg,18,"[49.0, 10.0]","[8.0, 16.0]","[6.1667, 49.75]"
313,2019,ERI,Eritrea,NER,Niger,LUX,Luxembourg,21,"[39.0, 15.0]","[8.0, 16.0]","[6.1667, 49.75]"
314,2019,ERI,Eritrea,NER,Niger,NLD,Netherlands,50,"[39.0, 15.0]","[8.0, 16.0]","[5.75, 52.5]"
315,2019,SOM,Somalia,NER,Niger,USA,United States of America,2,"[49.0, 10.0]","[8.0, 16.0]","[-97.0, 38.0]"
316,2019,SDN,Sudan,NER,Niger,CAN,Canada,31,"[30.0, 15.0]","[8.0, 16.0]","[-95.0, 60.0]"
317,2019,ERI,Eritrea,NER,Niger,FRA,France,151,"[39.0, 15.0]","[8.0, 16.0]","[2.0, 46.0]"
318,2019,ERI,Eritrea,NER,Niger,GBR,United Kingdom of Great Britain and Northern Ireland,55,"[39.0, 15.0]","[8.0, 16.0]","[-2.0, 54.0]"
319,2019,SYR,Syrian Arab Rep.,NER,Niger,CAN,Canada,4,"[38.0, 35.0]","[8.0, 16.0]","[-95.0, 60.0]"
320,2019,SOM,Somalia,NER,Niger,NLD,Netherlands,2,"[49.0, 10.0]","[8.0, 16.0]","[5.75, 52.5]"
321,2019,SDN,Sudan,TCD,Chad,USA,United States of America,8,"[30.0, 15.0]","[19.0, 15.0]","[-97.0, 38.0]"
322,2019,SOM,Somalia,NER,Niger,FRA,France,41,"[49.0, 10.0]","[8.0, 16.0]","[2.0, 46.0]"
323,2019,SDN,Sudan,NER,Niger,GBR,United Kingdom of Great Britain and Northern Ireland,5,"[30.0, 15.0]","[8.0, 16.0]","[-2.0, 54.0]"
324,2019,COD,Dem. Rep. of the Congo,MLI,Mali,CAN,Canada,1,"[25.0, 0.0]","[-4.0, 17.0]","[-95.0, 60.0]"
325,2019,SDN,Sudan,NER,Niger,FRA,France,2,"[30.0, 15.0]","[8.0, 16.0]","[2.0, 46.0]"
326,2019,SOM,Somalia,NER,Niger,GBR,United Kingdom of Great Britain and Northern Ireland,16,"[49.0, 10.0]","[8.0, 16.0]","[-2.0, 54.0]"
327,2019,COD,Dem. Rep. of the Congo,CMR,Cameroon,CAN,Canada,5,"[25.0, 0.0]","[12.0, 6.0]","[-95.0, 60.0]"
328,2019,SYR,Syrian Arab Rep.,NER,Niger,FRA,France,1,"[38.0, 35.0]","[8.0, 16.0]","[2.0, 46.0]"
329,2019,SDN,Sudan,CMR,Cameroon,CAN,Canada,1,"[30.0, 15.0]","[12.0, 6.0]","[-95.0, 60.0]"
330,2019,SDN,Sudan,TCD,Chad,FRA,France,499,"[30.0, 15.0]","[19.0, 15.0]","[2.0, 46.0]"
331,2019,SDN,Sudan,TCD,Chad,CAN,Canada,3,"[30.0, 15.0]","[19.0, 15.0]","[-95.0, 60.0]"
332,2019,SDN,Sudan,NER,Niger,SWE,Sweden,30,"[30.0, 15.0]","[8.0, 16.0]","[15.0, 62.0]"
333,2019,SOM,Somalia,NER,Niger,FIN,Finland,38,"[49.0, 10.0]","[8.0, 16.0]","[26.0, 64.0]"
334,2019,COD,Dem. Rep. of the Congo,SEN,Senegal,CAN,Canada,4,"[25.0, 0.0]","[-14.0, 14.0]","[-95.0, 60.0]"
335,2019,SOM,Somalia,NER,Niger,DEU,Germany,2,"[49.0, 10.0]","[8.0, 16.0]","[9.0, 51.0]"
336,2019,ERI,Eritrea,NER,Niger,SWE,Sweden,208,"[39.0, 15.0]","[8.0, 16.0]","[15.0, 62.0]"
337,2019,SDN,Sudan,NER,Niger,FIN,Finland,18,"[30.0, 15.0]","[8.0, 16.0]","[26.0, 64.0]"
338,2019,SOM,Somalia,SEN,Senegal,CAN,Canada,1,"[49.0, 10.0]","[-14.0, 14.0]","[-95.0, 60.0]"
339,2019,ERI,Eritrea,NER,Niger,DEU,Germany,2,"[39.0, 15.0]","[8.0, 16.0]","[9.0, 51.0]"
340,2019,SOM,Somalia,NER,Niger,SWE,Sweden,28,"[49.0, 10.0]","[8.0, 16.0]","[15.0, 62.0]"
341,2019,ERI,Eritrea,NER,Niger,FIN,Finland,67,"[39.0, 15.0]","[8.0, 16.0]","[26.0, 64.0]"
342,2019,SDN,Sudan,SEN,Senegal,CAN,Canada,1,"[30.0, 15.0]","[-14.0, 14.0]","[-95.0, 60.0]"
343,2019,SDN,Sudan,NER,Niger,DEU,Germany,1,"[30.0, 15.0]","[8.0, 16.0]","[9.0, 51.0]"
344,2019,SDN,Sudan,TCD,Chad,SWE,Sweden,83,"[30.0, 15.0]","[19.0, 15.0]","[15.0, 62.0]"
345,2019,SDN,Sudan,NER,Niger,USA,United States of America,9,"[30.0, 15.0]","[8.0, 16.0]","[-97.0, 38.0]"
346,2019,SDN,Sudan,TCD,Chad,FIN,Finland,5,"[30.0, 15.0]","[19.0, 15.0]","[26.0, 64.0]"
347,2019,ERI,Eritrea,NER,Niger,CAN,Canada,69,"[39.0, 15.0]","[8.0, 16.0]","[-95.0, 60.0]"
348,2019,SDN,Sudan,NER,Niger,LUX,Luxembourg,8,"[30.0, 15.0]","[8.0, 16.0]","[6.1667, 49.75]"
