Year,Country of Origin (ISO),Country of Origin,Country of Asylum (ISO),Country of Asylum,Country of Resettlement (ISO),Country of Resettlement,Total submissions (persons)
2003,IRQ,Iraq,AZE,Azerbaijan,CAN,Canada,5
2003,IRN,Iran (Islamic Rep. of),TUR,Turkey,AUT,Austria,1
2003,AFG,Afghanistan,AZE,Azerbaijan,USA,United States of America,34
2003,ERI,Eritrea,TUR,Turkey,CAN,Canada,2
2003,SDN,Sudan,TUR,Turkey,SWE,Sweden,1
2003,IRN,Iran (Islamic Rep. of),TUR,Turkey,NOR,Norway,165
2003,SOM,Somalia,TUR,Turkey,USA,United States of America,2
2003,SOM,Somalia,AZE,Azerbaijan,CAN,Canada,3
2003,IRN,Iran (Islamic Rep. of),AZE,Azerbaijan,USA,United States of America,2
2003,IRN,Iran (Islamic Rep. of),TUR,Turkey,CAN,Canada,426
2003,IRN,Iran (Islamic Rep. of),BIH,Bosnia and Herzegovina,AUS,Australia,1
2003,AFG,Afghanistan,UKR,Ukraine,SWE,Sweden,30
2003,AFG,Afghanistan,BLR,Belarus,DNK,Denmark,2
2003,IRQ,Iraq,TUR,Turkey,NOR,Norway,15
2003,SDN,Sudan,TUR,Turkey,USA,United States of America,6
2003,SDN,Sudan,AZE,Azerbaijan,CAN,Canada,1
2003,IRN,Iran (Islamic Rep. of),BIH,Bosnia and Herzegovina,USA,United States of America,1
2003,IRQ,Iraq,TUR,Turkey,CAN,Canada,100
2003,IRN,Iran (Islamic Rep. of),TUR,Turkey,AUS,Australia,346
2003,SYR,Syrian Arab Rep.,UKR,Ukraine,SWE,Sweden,1
2003,AFG,Afghanistan,RUS,Russian Federation,DNK,Denmark,30
2003,AFG,Afghanistan,UKR,Ukraine,NOR,Norway,16
2003,AFG,Afghanistan,RUS,Russian Federation,GBR,United Kingdom of Great Britain and Northern Ireland,1
2003,AFG,Afghanistan,BLR,Belarus,NLD,Netherlands,2
2003,AFG,Afghanistan,UKR,Ukraine,USA,United States of America,14
2003,IRQ,Iraq,ROU,Romania,CHE,Switzerland,1
2003,IRN,Iran (Islamic Rep. of),BIH,Bosnia and Herzegovina,CAN,Canada,1
2003,COD,Dem. Rep. of the Congo,UKR,Ukraine,NOR,Norway,1
2003,IRQ,Iraq,TUR,Turkey,DEU,Germany,65
2003,AFG,Afghanistan,RUS,Russian Federation,USA,United States of America,325
2003,SOM,Somalia,TUR,Turkey,CAN,Canada,15
2003,IRQ,Iraq,TUR,Turkey,AUS,Australia,31
2003,IRN,Iran (Islamic Rep. of),TUR,Turkey,DNK,Denmark,6
2003,COD,Dem. Rep. of the Congo,UKR,Ukraine,USA,United States of America,1
2003,AFG,Afghanistan,TUR,Turkey,GBR,United Kingdom of Great Britain and Northern Ireland,10
2003,AFG,Afghanistan,HRV,Croatia,NLD,Netherlands,1
2003,SOM,Somalia,RUS,Russian Federation,BRA,Brazil,3
2003,IRQ,Iraq,AZE,Azerbaijan,SWE,Sweden,4
2003,IRN,Iran (Islamic Rep. of),TUR,Turkey,CHE,Switzerland,1
2003,AFG,Afghanistan,RUS,Russian Federation,CAN,Canada,118
2003,COD,Dem. Rep. of the Congo,RUS,Russian Federation,USA,United States of America,3
2003,AFG,Afghanistan,UKR,Ukraine,CAN,Canada,7
2003,MMR,Myanmar,TUR,Turkey,AUS,Australia,1
2003,IRQ,Iraq,TUR,Turkey,DNK,Denmark,3
2003,IRN,Iran (Islamic Rep. of),UKR,Ukraine,USA,United States of America,4
2003,IRN,Iran (Islamic Rep. of),TUR,Turkey,GBR,United Kingdom of Great Britain and Northern Ireland,13
2003,AFG,Afghanistan,RUS,Russian Federation,FIN,Finland,15
2003,AFG,Afghanistan,RUS,Russian Federation,NLD,Netherlands,37
2003,COD,Dem. Rep. of the Congo,UKR,Ukraine,BRA,Brazil,2
2003,SDN,Sudan,HRV,Croatia,SWE,Sweden,1
2003,IRQ,Iraq,TUR,Turkey,CHE,Switzerland,3
2003,COD,Dem. Rep. of the Congo,RUS,Russian Federation,CAN,Canada,24
2003,IRQ,Iraq,RUS,Russian Federation,USA,United States of America,5
2003,COD,Dem. Rep. of the Congo,UKR,Ukraine,CAN,Canada,3
2003,SYR,Syrian Arab Rep.,TUR,Turkey,AUS,Australia,5
2003,IRQ,Iraq,TUR,Turkey,GBR,United Kingdom of Great Britain and Northern Ireland,6
2003,IRN,Iran (Islamic Rep. of),TUR,Turkey,FIN,Finland,168
2003,COD,Dem. Rep. of the Congo,RUS,Russian Federation,NLD,Netherlands,2
2003,AFG,Afghanistan,RUS,Russian Federation,SWE,Sweden,23
2003,IRN,Iran (Islamic Rep. of),AZE,Azerbaijan,NOR,Norway,4
2003,IRN,Iran (Islamic Rep. of),RUS,Russian Federation,CAN,Canada,4
2003,SOM,Somalia,RUS,Russian Federation,USA,United States of America,18
2003,IRN,Iran (Islamic Rep. of),UKR,Ukraine,CAN,Canada,1
2003,AFG,Afghanistan,UKR,Ukraine,GBR,United Kingdom of Great Britain and Northern Ireland,1
2003,IRQ,Iraq,TUR,Turkey,FIN,Finland,31
2003,AFG,Afghanistan,TUR,Turkey,NLD,Netherlands,2
2003,COD,Dem. Rep. of the Congo,RUS,Russian Federation,SWE,Sweden,1
2003,AFG,Afghanistan,BLR,Belarus,NOR,Norway,2
2003,IRQ,Iraq,RUS,Russian Federation,CAN,Canada,30
2003,SDN,Sudan,RUS,Russian Federation,USA,United States of America,5
2003,SOM,Somalia,UKR,Ukraine,CAN,Canada,8
2003,IRN,Iran (Islamic Rep. of),UKR,Ukraine,GBR,United Kingdom of Great Britain and Northern Ireland,1
2003,SOM,Somalia,TUR,Turkey,FIN,Finland,1
2003,IRQ,Iraq,TUR,Turkey,NLD,Netherlands,1
2003,AFG,Afghanistan,TUR,Turkey,SWE,Sweden,2
2003,AFG,Afghanistan,RUS,Russian Federation,NOR,Norway,17
2003,SOM,Somalia,RUS,Russian Federation,CAN,Canada,6
2003,AFG,Afghanistan,TUR,Turkey,USA,United States of America,29
2003,AFG,Afghanistan,AZE,Azerbaijan,CAN,Canada,92
2003,AFG,Afghanistan,UKR,Ukraine,NLD,Netherlands,19
2003,IRN,Iran (Islamic Rep. of),TUR,Turkey,SWE,Sweden,135
2003,AFG,Afghanistan,TUR,Turkey,NOR,Norway,19
2003,IRQ,Iraq,AZE,Azerbaijan,NZL,New Zealand,17
2003,SDN,Sudan,RUS,Russian Federation,CAN,Canada,13
2003,IRN,Iran (Islamic Rep. of),TUR,Turkey,USA,United States of America,723
2003,IRN,Iran (Islamic Rep. of),AZE,Azerbaijan,CAN,Canada,17
2003,AFG,Afghanistan,TUR,Turkey,AUT,Austria,3
2003,IRN,Iran (Islamic Rep. of),UKR,Ukraine,NLD,Netherlands,2
2003,IRN,Iran (Islamic Rep. of),TUR,Turkey,NZL,New Zealand,7
2003,AFG,Afghanistan,TUR,Turkey,CAN,Canada,33
2003,IRQ,Iraq,TUR,Turkey,SWE,Sweden,83
2003,ERI,Eritrea,TUR,Turkey,NOR,Norway,2
2003,IRQ,Iraq,TUR,Turkey,USA,United States of America,7
2004,AFG,Afghanistan,AZE,Azerbaijan,NLD,Netherlands,4
2004,SYR,Syrian Arab Rep.,TUR,Turkey,SWE,Sweden,5
2004,SOM,Somalia,RUS,Russian Federation,USA,United States of America,11
2004,COD,Dem. Rep. of the Congo,UKR,Ukraine,CAN,Canada,1
2004,SOM,Somalia,RUS,Russian Federation,GBR,United Kingdom of Great Britain and Northern Ireland,1
2004,AFG,Afghanistan,TUR,Turkey,FIN,Finland,20
2004,IRQ,Iraq,AZE,Azerbaijan,NZL,New Zealand,5
2004,SYR,Syrian Arab Rep.,UKR,Ukraine,NLD,Netherlands,1
2004,IRN,Iran (Islamic Rep. of),UKR,Ukraine,DNK,Denmark,2
2004,COD,Dem. Rep. of the Congo,RUS,Russian Federation,CAN,Canada,2
2004,ERI,Eritrea,TUR,Turkey,FIN,Finland,2
2004,AFG,Afghanistan,BLR,Belarus,NLD,Netherlands,8
2004,AFG,Afghanistan,UKR,Ukraine,SWE,Sweden,8
2004,AFG,Afghanistan,TUR,Turkey,USA,United States of America,13
2004,IRN,Iran (Islamic Rep. of),UKR,Ukraine,CAN,Canada,2
2004,IRN,Iran (Islamic Rep. of),TUR,Turkey,GBR,United Kingdom of Great Britain and Northern Ireland,4
2004,IRQ,Iraq,RUS,Russian Federation,CAN,Canada,36
2004,IRN,Iran (Islamic Rep. of),TUR,Turkey,FIN,Finland,134
2004,AFG,Afghanistan,HRV,Croatia,NLD,Netherlands,1
2004,IRQ,Iraq,UKR,Ukraine,SWE,Sweden,5
2004,IRN,Iran (Islamic Rep. of),TUR,Turkey,USA,United States of America,785
2004,IRQ,Iraq,UKR,Ukraine,CAN,Canada,4
2004,SOM,Somalia,RUS,Russian Federation,CAN,Canada,1
2004,IRQ,Iraq,TUR,Turkey,FIN,Finland,12
2004,AFG,Afghanistan,RUS,Russian Federation,NLD,Netherlands,8
2004,SOM,Somalia,UKR,Ukraine,SWE,Sweden,1
2004,IRQ,Iraq,TUR,Turkey,USA,United States of America,2
2004,SYR,Syrian Arab Rep.,UKR,Ukraine,CAN,Canada,8
2004,IRQ,Iraq,AZE,Azerbaijan,SWE,Sweden,2
2004,SDN,Sudan,RUS,Russian Federation,CAN,Canada,6
2004,SOM,Somalia,TUR,Turkey,FIN,Finland,35
2004,IRQ,Iraq,RUS,Russian Federation,NLD,Netherlands,8
2004,SOM,Somalia,TUR,Turkey,USA,United States of America,39
2004,AFG,Afghanistan,AZE,Azerbaijan,NOR,Norway,4
2004,IRN,Iran (Islamic Rep. of),TUR,Turkey,DEU,Germany,1
2004,AFG,Afghanistan,BLR,Belarus,SWE,Sweden,8
2004,AFG,Afghanistan,TUR,Turkey,CAN,Canada,7
2004,SDN,Sudan,TUR,Turkey,FIN,Finland,3
2004,SOM,Somalia,RUS,Russian Federation,NLD,Netherlands,2
2004,SDN,Sudan,TUR,Turkey,USA,United States of America,1
2004,IRN,Iran (Islamic Rep. of),AZE,Azerbaijan,NOR,Norway,5
2004,IRQ,Iraq,TUR,Turkey,DEU,Germany,30
2004,IRN,Iran (Islamic Rep. of),GEO,Georgia,SWE,Sweden,6
2004,AFG,Afghanistan,AZE,Azerbaijan,DNK,Denmark,3
2004,AFG,Afghanistan,AZE,Azerbaijan,USA,United States of America,86
2004,ERI,Eritrea,TUR,Turkey,CAN,Canada,1
2004,IRN,Iran (Islamic Rep. of),UKR,Ukraine,FIN,Finland,1
2004,IRN,Iran (Islamic Rep. of),TUR,Turkey,NLD,Netherlands,3
2004,AFG,Afghanistan,UKR,Ukraine,USA,United States of America,5
2004,AFG,Afghanistan,RUS,Russian Federation,DNK,Denmark,12
2004,AFG,Afghanistan,RUS,Russian Federation,NOR,Norway,6
2004,IRN,Iran (Islamic Rep. of),TUR,Turkey,AUS,Australia,227
2004,AFG,Afghanistan,RUS,Russian Federation,SWE,Sweden,13
2004,IRN,Iran (Islamic Rep. of),AZE,Azerbaijan,USA,United States of America,1
2004,IRN,Iran (Islamic Rep. of),TUR,Turkey,CAN,Canada,298
2004,AFG,Afghanistan,TUR,Turkey,SWE,Sweden,11
2004,IRN,Iran (Islamic Rep. of),UKR,Ukraine,USA,United States of America,13
2004,IRQ,Iraq,UKR,Ukraine,FIN,Finland,1
2004,AFG,Afghanistan,UKR,Ukraine,NLD,Netherlands,4
2004,COD,Dem. Rep. of the Congo,RUS,Russian Federation,SWE,Sweden,2
2004,COD,Dem. Rep. of the Congo,RUS,Russian Federation,DNK,Denmark,1
2004,COD,Dem. Rep. of the Congo,RUS,Russian Federation,NOR,Norway,1
2004,IRN,Iran (Islamic Rep. of),BIH,Bosnia and Herzegovina,USA,United States of America,1
2004,IRQ,Iraq,TUR,Turkey,CAN,Canada,13
2004,IRN,Iran (Islamic Rep. of),TUR,Turkey,SWE,Sweden,235
2004,SOM,Somalia,UKR,Ukraine,USA,United States of America,5
2004,IRN,Iran (Islamic Rep. of),UKR,Ukraine,NLD,Netherlands,1
2004,SOM,Somalia,RUS,Russian Federation,SWE,Sweden,1
2004,IRQ,Iraq,RUS,Russian Federation,DNK,Denmark,5
2004,IRN,Iran (Islamic Rep. of),TUR,Turkey,NOR,Norway,81
2004,AFG,Afghanistan,AZE,Azerbaijan,CAN,Canada,16
2004,AFG,Afghanistan,RUS,Russian Federation,USA,United States of America,261
2004,SOM,Somalia,TUR,Turkey,CAN,Canada,10
2004,AFG,Afghanistan,AZE,Azerbaijan,GBR,United Kingdom of Great Britain and Northern Ireland,8
2004,AFG,Afghanistan,RUS,Russian Federation,FIN,Finland,7
2004,IRQ,Iraq,TUR,Turkey,SWE,Sweden,61
2004,SDN,Sudan,UKR,Ukraine,USA,United States of America,1
2004,IRQ,Iraq,UKR,Ukraine,NLD,Netherlands,4
2004,SDN,Sudan,RUS,Russian Federation,DNK,Denmark,1
2004,SYR,Syrian Arab Rep.,UKR,Ukraine,NOR,Norway,1
2004,IRN,Iran (Islamic Rep. of),AZE,Azerbaijan,CAN,Canada,13
2004,SDN,Sudan,TUR,Turkey,SWE,Sweden,5
2004,COD,Dem. Rep. of the Congo,RUS,Russian Federation,USA,United States of America,6
2004,SYR,Syrian Arab Rep.,TUR,Turkey,CAN,Canada,3
2004,AFG,Afghanistan,RUS,Russian Federation,GBR,United Kingdom of Great Britain and Northern Ireland,2
2004,IRQ,Iraq,RUS,Russian Federation,FIN,Finland,5
2004,SYR,Syrian Arab Rep.,UKR,Ukraine,USA,United States of America,1
2004,SOM,Somalia,UKR,Ukraine,NLD,Netherlands,1
2004,AFG,Afghanistan,UKR,Ukraine,DNK,Denmark,4
2004,AFG,Afghanistan,RUS,Russian Federation,CAN,Canada,107
2005,AFG,Afghanistan,AZE,Azerbaijan,USA,United States of America,12
2005,AFG,Afghanistan,TUR,Turkey,CAN,Canada,43
2005,AFG,Afghanistan,RUS,Russian Federation,FIN,Finland,10
2005,IRQ,Iraq,TUR,Turkey,SWE,Sweden,1
2005,IRN,Iran (Islamic Rep. of),TUR,Turkey,NOR,Norway,1
2005,IRN,Iran (Islamic Rep. of),TUR,Turkey,USA,United States of America,946
2005,IRN,Iran (Islamic Rep. of),AZE,Azerbaijan,USA,United States of America,8
2005,ERI,Eritrea,TUR,Turkey,CAN,Canada,3
2005,ERI,Eritrea,TUR,Turkey,FIN,Finland,1
2005,IRN,Iran (Islamic Rep. of),BLR,Belarus,NLD,Netherlands,1
2005,IRN,Iran (Islamic Rep. of),TUR,Turkey,BEL,Belgium,3
2005,IRN,Iran (Islamic Rep. of),UKR,Ukraine,SWE,Sweden,1
2005,IRN,Iran (Islamic Rep. of),BLR,Belarus,DNK,Denmark,1
2005,IRQ,Iraq,TUR,Turkey,NOR,Norway,3
2005,AFG,Afghanistan,AZE,Azerbaijan,GBR,United Kingdom of Great Britain and Northern Ireland,3
2005,SYR,Syrian Arab Rep.,UKR,Ukraine,SWE,Sweden,8
2005,IRQ,Iraq,TUR,Turkey,USA,United States of America,29
2005,AFG,Afghanistan,BLR,Belarus,USA,United States of America,24
2005,IRN,Iran (Islamic Rep. of),TUR,Turkey,CAN,Canada,305
2005,IRN,Iran (Islamic Rep. of),TUR,Turkey,FIN,Finland,202
2005,AFG,Afghanistan,RUS,Russian Federation,NLD,Netherlands,27
2005,AFG,Afghanistan,RUS,Russian Federation,DNK,Denmark,32
2005,IRN,Iran (Islamic Rep. of),BLR,Belarus,GBR,United Kingdom of Great Britain and Northern Ireland,1
2005,AFG,Afghanistan,TUR,Turkey,NLD,Netherlands,4
2005,SOM,Somalia,TUR,Turkey,USA,United States of America,33
2005,SOM,Somalia,RUS,Russian Federation,IRL,Ireland,1
2005,IRN,Iran (Islamic Rep. of),BLR,Belarus,USA,United States of America,1
2005,IRQ,Iraq,TUR,Turkey,CAN,Canada,3
2005,SOM,Somalia,TUR,Turkey,FIN,Finland,11
2005,SOM,Somalia,RUS,Russian Federation,DNK,Denmark,1
2005,IRN,Iran (Islamic Rep. of),TUR,Turkey,GBR,United Kingdom of Great Britain and Northern Ireland,2
2005,AFG,Afghanistan,AZE,Azerbaijan,SWE,Sweden,1
2005,IRQ,Iraq,TUR,Turkey,POL,Poland,1
2005,IRQ,Iraq,ARM,Armenia,CAN,Canada,2
2005,SDN,Sudan,TUR,Turkey,FIN,Finland,1
2005,IRN,Iran (Islamic Rep. of),TUR,Turkey,NLD,Netherlands,30
2005,SDN,Sudan,TUR,Turkey,USA,United States of America,3
2005,AFG,Afghanistan,RUS,Russian Federation,USA,United States of America,169
2005,SOM,Somalia,TUR,Turkey,CAN,Canada,42
2005,AFG,Afghanistan,UKR,Ukraine,DNK,Denmark,4
2005,SOM,Somalia,TUR,Turkey,GBR,United Kingdom of Great Britain and Northern Ireland,2
2005,SYR,Syrian Arab Rep.,CYP,Cyprus,SWE,Sweden,3
2005,AFG,Afghanistan,AZE,Azerbaijan,CAN,Canada,18
2005,AFG,Afghanistan,UKR,Ukraine,FIN,Finland,4
2005,IRQ,Iraq,TUR,Turkey,NLD,Netherlands,17
2005,AFG,Afghanistan,UKR,Ukraine,USA,United States of America,19
2005,COD,Dem. Rep. of the Congo,RUS,Russian Federation,USA,United States of America,6
2005,SDN,Sudan,TUR,Turkey,CAN,Canada,3
2005,IRN,Iran (Islamic Rep. of),AZE,Azerbaijan,CAN,Canada,8
2005,AFG,Afghanistan,RUS,Russian Federation,SWE,Sweden,16
2005,IRQ,Iraq,UKR,Ukraine,NLD,Netherlands,1
2005,COD,Dem. Rep. of the Congo,UKR,Ukraine,USA,United States of America,2
2005,SOM,Somalia,RUS,Russian Federation,USA,United States of America,6
2005,SYR,Syrian Arab Rep.,TUR,Turkey,CAN,Canada,11
2005,IRQ,Iraq,AZE,Azerbaijan,CAN,Canada,15
2005,IRN,Iran (Islamic Rep. of),RUS,Russian Federation,SWE,Sweden,2
2005,ERI,Eritrea,UKR,Ukraine,USA,United States of America,2
2005,IRQ,Iraq,ALB,Albania,AUS,Australia,3
2005,SDN,Sudan,RUS,Russian Federation,USA,United States of America,1
2005,IRN,Iran (Islamic Rep. of),UKR,Ukraine,CAN,Canada,4
2005,AFG,Afghanistan,RUS,Russian Federation,CAN,Canada,134
2005,AFG,Afghanistan,AZE,Azerbaijan,FIN,Finland,1
2005,SOM,Somalia,RUS,Russian Federation,SWE,Sweden,2
2005,IRN,Iran (Islamic Rep. of),UKR,Ukraine,USA,United States of America,12
2005,IRN,Iran (Islamic Rep. of),TUR,Turkey,AUS,Australia,196
2005,AFG,Afghanistan,TUR,Turkey,USA,United States of America,16
2005,COD,Dem. Rep. of the Congo,RUS,Russian Federation,CAN,Canada,7
2005,AFG,Afghanistan,CYP,Cyprus,FIN,Finland,6
2005,SDN,Sudan,RUS,Russian Federation,SWE,Sweden,1
2005,SOM,Somalia,UKR,Ukraine,USA,United States of America,12
2005,IRQ,Iraq,TUR,Turkey,AUS,Australia,11
2005,SDN,Sudan,RUS,Russian Federation,CAN,Canada,9
2005,IRQ,Iraq,HUN,Hungary,FIN,Finland,1
2005,IRN,Iran (Islamic Rep. of),TUR,Turkey,SWE,Sweden,4
2005,AFG,Afghanistan,RUS,Russian Federation,NOR,Norway,16
2006,SOM,Somalia,TUR,Turkey,USA,United States of America,42
2006,SOM,Somalia,TUR,Turkey,CAN,Canada,64
2006,AFG,Afghanistan,RUS,Russian Federation,CAN,Canada,1066
2006,SDN,Sudan,TUR,Turkey,FIN,Finland,1
2006,COD,Dem. Rep. of the Congo,RUS,Russian Federation,USA,United States of America,1
2006,IRQ,Iraq,TUR,Turkey,AUS,Australia,34
2006,SDN,Sudan,TUR,Turkey,USA,United States of America,1
2006,SDN,Sudan,TUR,Turkey,CAN,Canada,5
2006,COD,Dem. Rep. of the Congo,RUS,Russian Federation,CAN,Canada,2
2006,ERI,Eritrea,RUS,Russian Federation,USA,United States of America,2
2006,SOM,Somalia,TUR,Turkey,AUS,Australia,19
2006,SYR,Syrian Arab Rep.,TUR,Turkey,CAN,Canada,2
2006,SYR,Syrian Arab Rep.,TUR,Turkey,USA,United States of America,1
2006,SDN,Sudan,TUR,Turkey,AUS,Australia,5
2006,IRQ,Iraq,RUS,Russian Federation,CAN,Canada,6
2006,IRQ,Iraq,AZE,Azerbaijan,NOR,Norway,4
2006,IRN,Iran (Islamic Rep. of),RUS,Russian Federation,USA,United States of America,6
2006,IRQ,Iraq,UKR,Ukraine,CAN,Canada,3
2006,AFG,Afghanistan,UKR,Ukraine,USA,United States of America,7
2006,AFG,Afghanistan,RUS,Russian Federation,SWE,Sweden,69
2006,MMR,Myanmar,RUS,Russian Federation,CAN,Canada,1
2006,IRQ,Iraq,RUS,Russian Federation,USA,United States of America,15
2006,IRN,Iran (Islamic Rep. of),UKR,Ukraine,USA,United States of America,11
2006,IRN,Iran (Islamic Rep. of),TUR,Turkey,SWE,Sweden,1
2006,MMR,Myanmar,RUS,Russian Federation,USA,United States of America,1
2006,SOM,Somalia,RUS,Russian Federation,CAN,Canada,2
2006,IRQ,Iraq,UKR,Ukraine,USA,United States of America,5
2006,AFG,Afghanistan,UKR,Ukraine,SWE,Sweden,1
2006,SOM,Somalia,RUS,Russian Federation,USA,United States of America,12
2006,AFG,Afghanistan,TUR,Turkey,CAN,Canada,19
2006,IRN,Iran (Islamic Rep. of),TUR,Turkey,DNK,Denmark,1
2006,ERI,Eritrea,MDA,Rep. of Moldova,GBR,United Kingdom of Great Britain and Northern Ireland,1
2006,SOM,Somalia,UKR,Ukraine,USA,United States of America,4
2006,AFG,Afghanistan,RUS,Russian Federation,FIN,Finland,6
2006,IRQ,Iraq,UKR,Ukraine,SWE,Sweden,4
2006,IRN,Iran (Islamic Rep. of),TUR,Turkey,DEU,Germany,4
2006,AFG,Afghanistan,TUR,Turkey,USA,United States of America,2
2006,IRQ,Iraq,RUS,Russian Federation,NZL,New Zealand,2
2006,COD,Dem. Rep. of the Congo,TUR,Turkey,CAN,Canada,2
2006,IRN,Iran (Islamic Rep. of),UKR,Ukraine,DNK,Denmark,1
2006,AFG,Afghanistan,RUS,Russian Federation,GBR,United Kingdom of Great Britain and Northern Ireland,4
2006,SDN,Sudan,UKR,Ukraine,USA,United States of America,1
2006,AFG,Afghanistan,TUR,Turkey,FIN,Finland,17
2006,IRN,Iran (Islamic Rep. of),ALB,Albania,NLD,Netherlands,1
2006,COD,Dem. Rep. of the Congo,TUR,Turkey,USA,United States of America,2
2006,ERI,Eritrea,TUR,Turkey,CAN,Canada,10
2006,SDN,Sudan,RUS,Russian Federation,GBR,United Kingdom of Great Britain and Northern Ireland,1
2006,COD,Dem. Rep. of the Congo,TUR,Turkey,FIN,Finland,2
2006,AFG,Afghanistan,RUS,Russian Federation,NLD,Netherlands,1
2006,AFG,Afghanistan,AZE,Azerbaijan,CAN,Canada,1
2006,IRN,Iran (Islamic Rep. of),TUR,Turkey,USA,United States of America,1009
2006,IRN,Iran (Islamic Rep. of),TUR,Turkey,CAN,Canada,346
2006,AFG,Afghanistan,TUR,Turkey,GBR,United Kingdom of Great Britain and Northern Ireland,3
2006,AFG,Afghanistan,BLR,Belarus,CAN,Canada,23
2006,IRN,Iran (Islamic Rep. of),TUR,Turkey,FIN,Finland,70
2006,SOM,Somalia,UKR,Ukraine,NLD,Netherlands,1
2006,IRQ,Iraq,TUR,Turkey,USA,United States of America,8
2006,IRQ,Iraq,TUR,Turkey,CAN,Canada,21
2006,IRN,Iran (Islamic Rep. of),TUR,Turkey,GBR,United Kingdom of Great Britain and Northern Ireland,1
2006,ERI,Eritrea,MDA,Rep. of Moldova,CAN,Canada,1
2006,SOM,Somalia,TUR,Turkey,FIN,Finland,42
2006,AFG,Afghanistan,RUS,Russian Federation,USA,United States of America,152
2006,IRN,Iran (Islamic Rep. of),TUR,Turkey,AUS,Australia,237
2007,SDN,Sudan,UKR,Ukraine,USA,United States of America,2
2007,SDN,Sudan,MLT,Malta,USA,United States of America,1
2007,AFG,Afghanistan,AZE,Azerbaijan,GBR,United Kingdom of Great Britain and Northern Ireland,1
2007,IRN,Iran (Islamic Rep. of),TUR,Turkey,CAN,Canada,385
2007,AFG,Afghanistan,RUS,Russian Federation,NLD,Netherlands,9
2007,IRN,Iran (Islamic Rep. of),TUR,Turkey,SWE,Sweden,30
2007,ERI,Eritrea,TUR,Turkey,USA,United States of America,2
2007,AFG,Afghanistan,RUS,Russian Federation,USA,United States of America,160
2007,IRQ,Iraq,TUR,Turkey,CAN,Canada,35
2007,IRN,Iran (Islamic Rep. of),TUR,Turkey,USA,United States of America,940
2007,SDN,Sudan,RUS,Russian Federation,FIN,Finland,1
2007,SDN,Sudan,RUS,Russian Federation,NLD,Netherlands,1
2007,AFG,Afghanistan,UKR,Ukraine,SWE,Sweden,10
2007,COD,Dem. Rep. of the Congo,RUS,Russian Federation,USA,United States of America,1
2007,SOM,Somalia,TUR,Turkey,CAN,Canada,94
2007,IRQ,Iraq,TUR,Turkey,USA,United States of America,3100
2007,IRN,Iran (Islamic Rep. of),TUR,Turkey,FIN,Finland,161
2007,IRN,Iran (Islamic Rep. of),TUR,Turkey,NLD,Netherlands,3
2007,IRN,Iran (Islamic Rep. of),UKR,Ukraine,SWE,Sweden,3
2007,ERI,Eritrea,RUS,Russian Federation,USA,United States of America,1
2007,SDN,Sudan,TUR,Turkey,CAN,Canada,5
2007,IRN,Iran (Islamic Rep. of),TUR,Turkey,AUS,Australia,161
2007,SOM,Somalia,TUR,Turkey,USA,United States of America,77
2007,IRQ,Iraq,TUR,Turkey,FIN,Finland,49
2007,IRQ,Iraq,TUR,Turkey,NLD,Netherlands,4
2007,AFG,Afghanistan,AZE,Azerbaijan,NOR,Norway,10
2007,SOM,Somalia,UKR,Ukraine,SWE,Sweden,1
2007,AFG,Afghanistan,RUS,Russian Federation,CAN,Canada,404
2007,IRN,Iran (Islamic Rep. of),RUS,Russian Federation,USA,United States of America,5
2007,IRN,Iran (Islamic Rep. of),TUR,Turkey,IRL,Ireland,1
2007,AFG,Afghanistan,UKR,Ukraine,CAN,Canada,15
2007,IRQ,Iraq,TUR,Turkey,AUS,Australia,198
2007,SDN,Sudan,TUR,Turkey,USA,United States of America,1
2007,SOM,Somalia,TUR,Turkey,NLD,Netherlands,1
2007,AFG,Afghanistan,RUS,Russian Federation,NOR,Norway,31
2007,MMR,Myanmar,RUS,Russian Federation,CAN,Canada,1
2007,ERI,Eritrea,MLT,Malta,PRT,Portugal,2
2007,SOM,Somalia,UKR,Ukraine,CAN,Canada,1
2007,IRQ,Iraq,RUS,Russian Federation,USA,United States of America,13
2007,AFG,Afghanistan,UKR,Ukraine,USA,United States of America,9
2007,IRN,Iran (Islamic Rep. of),UKR,Ukraine,NLD,Netherlands,4
2007,SDN,Sudan,RUS,Russian Federation,NOR,Norway,1
2007,SOM,Somalia,RUS,Russian Federation,CAN,Canada,1
2007,SOM,Somalia,MLT,Malta,PRT,Portugal,10
2007,SDN,Sudan,UKR,Ukraine,CAN,Canada,1
2007,SOM,Somalia,RUS,Russian Federation,USA,United States of America,1
2007,ERI,Eritrea,UKR,Ukraine,USA,United States of America,1
2007,IRQ,Iraq,SRB,Serbia and Kosovo: S/RES/1244 (1999),CAN,Canada,19
2007,SYR,Syrian Arab Rep.,UKR,Ukraine,CAN,Canada,8
2007,AFG,Afghanistan,AZE,Azerbaijan,SWE,Sweden,4
2007,AFG,Afghanistan,TUR,Turkey,DEU,Germany,1
2007,SDN,Sudan,RUS,Russian Federation,USA,United States of America,2
2007,SDN,Sudan,RUS,Russian Federation,NZL,New Zealand,1
2007,IRN,Iran (Islamic Rep. of),UKR,Ukraine,USA,United States of America,5
2007,IRQ,Iraq,GEO,Georgia,DNK,Denmark,1
2007,AFG,Afghanistan,TUR,Turkey,CAN,Canada,33
2007,ERI,Eritrea,MLT,Malta,USA,United States of America,40
2007,IRQ,Iraq,CYP,Cyprus,SWE,Sweden,3
2007,IRQ,Iraq,TUR,Turkey,DEU,Germany,1
2007,SYR,Syrian Arab Rep.,RUS,Russian Federation,USA,United States of America,3
2007,IRQ,Iraq,UKR,Ukraine,USA,United States of America,3
2007,MMR,Myanmar,RUS,Russian Federation,DNK,Denmark,1
2007,IRQ,Iraq,MLT,Malta,USA,United States of America,3
2007,COD,Dem. Rep. of the Congo,TUR,Turkey,CAN,Canada,2
2007,IRQ,Iraq,SRB,Serbia and Kosovo: S/RES/1244 (1999),NOR,Norway,8
2007,AFG,Afghanistan,RUS,Russian Federation,SWE,Sweden,16
2007,IRQ,Iraq,SRB,Serbia and Kosovo: S/RES/1244 (1999),USA,United States of America,1
2007,IRN,Iran (Islamic Rep. of),UKR,Ukraine,DNK,Denmark,1
2007,SOM,Somalia,UKR,Ukraine,USA,United States of America,1
2007,SOM,Somalia,MLT,Malta,USA,United States of America,91
2007,ERI,Eritrea,TUR,Turkey,CAN,Canada,3
2007,SYR,Syrian Arab Rep.,UKR,Ukraine,NOR,Norway,8
2007,AFG,Afghanistan,AZE,Azerbaijan,NLD,Netherlands,2
2007,MMR,Myanmar,RUS,Russian Federation,SWE,Sweden,1
2007,AFG,Afghanistan,TUR,Turkey,USA,United States of America,23
2008,AFG,Afghanistan,RUS,Russian Federation,DNK,Denmark,1
2008,IRN,Iran (Islamic Rep. of),UKR,Ukraine,SWE,Sweden,6
2008,IRQ,Iraq,RUS,Russian Federation,USA,United States of America,8
2008,AFG,Afghanistan,AZE,Azerbaijan,NOR,Norway,5
2008,AFG,Afghanistan,UKR,Ukraine,USA,United States of America,6
2008,AFG,Afghanistan,RUS,Russian Federation,CAN,Canada,43
2008,IRN,Iran (Islamic Rep. of),UKR,Ukraine,DNK,Denmark,1
2008,IRQ,Iraq,UKR,Ukraine,SWE,Sweden,2
2008,AFG,Afghanistan,AZE,Azerbaijan,USA,United States of America,42
2008,SDN,Sudan,RUS,Russian Federation,USA,United States of America,1
2008,IRN,Iran (Islamic Rep. of),TUR,Turkey,GBR,United Kingdom of Great Britain and Northern Ireland,6
2008,AFG,Afghanistan,RUS,Russian Federation,NOR,Norway,4
2008,IRQ,Iraq,UKR,Ukraine,USA,United States of America,16
2008,IRQ,Iraq,SRB,Serbia and Kosovo: S/RES/1244 (1999),CAN,Canada,9
2008,IRQ,Iraq,UKR,Ukraine,DNK,Denmark,1
2008,SOM,Somalia,UKR,Ukraine,SWE,Sweden,1
2008,IRN,Iran (Islamic Rep. of),AZE,Azerbaijan,USA,United States of America,1
2008,IRQ,Iraq,SRB,Serbia and Kosovo: S/RES/1244 (1999),USA,United States of America,19
2008,IRQ,Iraq,TUR,Turkey,GBR,United Kingdom of Great Britain and Northern Ireland,8
2008,IRN,Iran (Islamic Rep. of),TUR,Turkey,BEL,Belgium,4
2008,IRQ,Iraq,RUS,Russian Federation,NOR,Norway,1
2008,SOM,Somalia,UKR,Ukraine,USA,United States of America,2
2008,AFG,Afghanistan,TUR,Turkey,CAN,Canada,66
2008,SDN,Sudan,UKR,Ukraine,SWE,Sweden,2
2008,IRQ,Iraq,AZE,Azerbaijan,USA,United States of America,19
2008,AFG,Afghanistan,RUS,Russian Federation,FRA,France,3
2008,AFG,Afghanistan,TUR,Turkey,USA,United States of America,49
2008,IRN,Iran (Islamic Rep. of),TUR,Turkey,NOR,Norway,2
2008,COD,Dem. Rep. of the Congo,TUR,Turkey,CAN,Canada,3
2008,AFG,Afghanistan,AZE,Azerbaijan,NLD,Netherlands,5
2008,COD,Dem. Rep. of the Congo,MLT,Malta,USA,United States of America,1
2008,IRQ,Iraq,SRB,Serbia and Kosovo: S/RES/1244 (1999),FRA,France,4
2008,COD,Dem. Rep. of the Congo,TUR,Turkey,USA,United States of America,1
2008,SOM,Somalia,TUR,Turkey,NOR,Norway,2
2008,ERI,Eritrea,TUR,Turkey,CAN,Canada,9
2008,IRN,Iran (Islamic Rep. of),AZE,Azerbaijan,FIN,Finland,2
2008,AFG,Afghanistan,AZE,Azerbaijan,SWE,Sweden,7
2008,AFG,Afghanistan,RUS,Russian Federation,NLD,Netherlands,15
2008,ERI,Eritrea,MLT,Malta,USA,United States of America,114
2008,IRQ,Iraq,TUR,Turkey,FRA,France,40
2008,COD,Dem. Rep. of the Congo,TUR,Turkey,IRL,Ireland,2
2008,ERI,Eritrea,TUR,Turkey,USA,United States of America,3
2008,AFG,Afghanistan,RUS,Russian Federation,SWE,Sweden,13
2008,AFG,Afghanistan,RUS,Russian Federation,AUS,Australia,2
2008,IRN,Iran (Islamic Rep. of),TUR,Turkey,CAN,Canada,286
2008,AFG,Afghanistan,RUS,Russian Federation,FIN,Finland,2
2008,IRQ,Iraq,RUS,Russian Federation,NLD,Netherlands,1
2008,SOM,Somalia,MLT,Malta,USA,United States of America,103
2008,IRN,Iran (Islamic Rep. of),TUR,Turkey,CHE,Switzerland,4
2008,IRN,Iran (Islamic Rep. of),TUR,Turkey,USA,United States of America,1212
2008,IRN,Iran (Islamic Rep. of),UKR,Ukraine,FRA,France,1
2008,IRN,Iran (Islamic Rep. of),RUS,Russian Federation,SWE,Sweden,1
2008,AFG,Afghanistan,TUR,Turkey,AUS,Australia,1
2008,IRQ,Iraq,TUR,Turkey,CAN,Canada,138
2008,IRQ,Iraq,TUR,Turkey,FIN,Finland,7
2008,AFG,Afghanistan,TUR,Turkey,NLD,Netherlands,4
2008,SDN,Sudan,MLT,Malta,USA,United States of America,6
2008,SOM,Somalia,TUR,Turkey,CHE,Switzerland,1
2008,IRQ,Iraq,TUR,Turkey,USA,United States of America,4336
2008,SOM,Somalia,TUR,Turkey,CAN,Canada,156
2008,IRN,Iran (Islamic Rep. of),TUR,Turkey,SWE,Sweden,55
2008,IRN,Iran (Islamic Rep. of),TUR,Turkey,AUS,Australia,124
2008,IRN,Iran (Islamic Rep. of),TUR,Turkey,NLD,Netherlands,2
2008,AFG,Afghanistan,RUS,Russian Federation,USA,United States of America,56
2008,SOM,Somalia,TUR,Turkey,USA,United States of America,134
2008,AFG,Afghanistan,AZE,Azerbaijan,CAN,Canada,4
2008,SDN,Sudan,TUR,Turkey,CAN,Canada,13
2008,IRQ,Iraq,TUR,Turkey,SWE,Sweden,84
2008,IRQ,Iraq,AZE,Azerbaijan,NZL,New Zealand,1
2008,IRQ,Iraq,TUR,Turkey,AUS,Australia,767
2008,ERI,Eritrea,RUS,Russian Federation,USA,United States of America,1
2008,MMR,Myanmar,CZE,Czechia,CZE,Czechia,37
2008,SDN,Sudan,TUR,Turkey,USA,United States of America,4
2008,AFG,Afghanistan,BLR,Belarus,CAN,Canada,11
2008,SYR,Syrian Arab Rep.,TUR,Turkey,CAN,Canada,2
2008,AFG,Afghanistan,UKR,Ukraine,SWE,Sweden,8
2008,IRN,Iran (Islamic Rep. of),RUS,Russian Federation,USA,United States of America,3
2008,SYR,Syrian Arab Rep.,TUR,Turkey,USA,United States of America,1
2008,IRN,Iran (Islamic Rep. of),BLR,Belarus,CAN,Canada,1
2009,ERI,Eritrea,MLT,Malta,USA,United States of America,145
2009,AFG,Afghanistan,BLR,Belarus,CAN,Canada,3
2009,IRN,Iran (Islamic Rep. of),TUR,Turkey,AUS,Australia,164
2009,IRN,Iran (Islamic Rep. of),TUR,Turkey,CAN,Canada,148
2009,IRQ,Iraq,UKR,Ukraine,SWE,Sweden,9
2009,AFG,Afghanistan,TUR,Turkey,NLD,Netherlands,8
2009,MMR,Myanmar,TUR,Turkey,USA,United States of America,1
2009,IRQ,Iraq,TUR,Turkey,FRA,France,16
2009,SOM,Somalia,MLT,Malta,USA,United States of America,125
2009,AFG,Afghanistan,RUS,Russian Federation,CAN,Canada,347
2009,IRQ,Iraq,TUR,Turkey,AUS,Australia,399
2009,IRQ,Iraq,TUR,Turkey,CAN,Canada,14
2009,SOM,Somalia,UKR,Ukraine,SWE,Sweden,2
2009,IRN,Iran (Islamic Rep. of),TUR,Turkey,NLD,Netherlands,8
2009,SOM,Somalia,TUR,Turkey,USA,United States of America,127
2009,SDN,Sudan,MLT,Malta,USA,United States of America,22
2009,COD,Dem. Rep. of the Congo,RUS,Russian Federation,CAN,Canada,1
2009,SDN,Sudan,TUR,Turkey,USA,United States of America,9
2009,SOM,Somalia,TUR,Turkey,CAN,Canada,8
2009,SDN,Sudan,UKR,Ukraine,SWE,Sweden,2
2009,AFG,Afghanistan,UKR,Ukraine,NLD,Netherlands,7
2009,AFG,Afghanistan,RUS,Russian Federation,USA,United States of America,139
2009,AFG,Afghanistan,AZE,Azerbaijan,DNK,Denmark,5
2009,ERI,Eritrea,RUS,Russian Federation,CAN,Canada,1
2009,IRN,Iran (Islamic Rep. of),TUR,Turkey,BEL,Belgium,2
2009,SYR,Syrian Arab Rep.,TUR,Turkey,USA,United States of America,1
2009,SDN,Sudan,TUR,Turkey,CAN,Canada,1
2009,SYR,Syrian Arab Rep.,UKR,Ukraine,SWE,Sweden,1
2009,IRQ,Iraq,UKR,Ukraine,NLD,Netherlands,1
2009,IRN,Iran (Islamic Rep. of),TUR,Turkey,GBR,United Kingdom of Great Britain and Northern Ireland,10
2009,IRN,Iran (Islamic Rep. of),ARM,Armenia,USA,United States of America,4
2009,ERI,Eritrea,RUS,Russian Federation,USA,United States of America,1
2009,AFG,Afghanistan,BLR,Belarus,DNK,Denmark,6
2009,IRN,Iran (Islamic Rep. of),RUS,Russian Federation,CAN,Canada,2
2009,AFG,Afghanistan,CYP,Cyprus,SWE,Sweden,1
2009,AFG,Afghanistan,UKR,Ukraine,USA,United States of America,12
2009,AFG,Afghanistan,UKR,Ukraine,CAN,Canada,4
2009,AFG,Afghanistan,AZE,Azerbaijan,USA,United States of America,52
2009,IRQ,Iraq,RUS,Russian Federation,USA,United States of America,5
2009,AFG,Afghanistan,RUS,Russian Federation,DNK,Denmark,17
2009,IRQ,Iraq,RUS,Russian Federation,CAN,Canada,14
2009,AFG,Afghanistan,RUS,Russian Federation,SWE,Sweden,7
2009,COD,Dem. Rep. of the Congo,UKR,Ukraine,USA,United States of America,8
2009,AFG,Afghanistan,CYP,Cyprus,NOR,Norway,1
2009,COD,Dem. Rep. of the Congo,AZE,Azerbaijan,USA,United States of America,4
2009,SDN,Sudan,RUS,Russian Federation,USA,United States of America,1
2009,MMR,Myanmar,RUS,Russian Federation,DNK,Denmark,1
2009,SOM,Somalia,RUS,Russian Federation,CAN,Canada,3
2009,IRN,Iran (Islamic Rep. of),TUR,Turkey,SWE,Sweden,62
2009,IRN,Iran (Islamic Rep. of),UKR,Ukraine,USA,United States of America,10
2009,COD,Dem. Rep. of the Congo,TUR,Turkey,IRL,Ireland,2
2009,AFG,Afghanistan,RUS,Russian Federation,NOR,Norway,2
2009,IRN,Iran (Islamic Rep. of),AZE,Azerbaijan,USA,United States of America,15
2009,AFG,Afghanistan,TUR,Turkey,USA,United States of America,111
2009,AFG,Afghanistan,UKR,Ukraine,DNK,Denmark,6
2009,SDN,Sudan,RUS,Russian Federation,CAN,Canada,1
2009,IRQ,Iraq,TUR,Turkey,SWE,Sweden,16
2009,IRN,Iran (Islamic Rep. of),BLR,Belarus,PRT,Portugal,1
2009,AFG,Afghanistan,RUS,Russian Federation,FRA,France,32
2009,IRQ,Iraq,UKR,Ukraine,USA,United States of America,10
2009,AFG,Afghanistan,RUS,Russian Federation,FIN,Finland,6
2009,AFG,Afghanistan,UKR,Ukraine,NOR,Norway,1
2009,IRQ,Iraq,AZE,Azerbaijan,USA,United States of America,27
2009,AFG,Afghanistan,UKR,Ukraine,PRT,Portugal,15
2009,ERI,Eritrea,TUR,Turkey,USA,United States of America,11
2009,SYR,Syrian Arab Rep.,RUS,Russian Federation,CAN,Canada,1
2009,IRQ,Iraq,TUR,Turkey,CHE,Switzerland,5
2009,AFG,Afghanistan,UKR,Ukraine,SWE,Sweden,15
2009,IRN,Iran (Islamic Rep. of),RUS,Russian Federation,FRA,France,2
2009,SOM,Somalia,UKR,Ukraine,USA,United States of America,1
2009,IRQ,Iraq,TUR,Turkey,FIN,Finland,3
2009,COD,Dem. Rep. of the Congo,UKR,Ukraine,NOR,Norway,1
2009,AFG,Afghanistan,BLR,Belarus,USA,United States of America,8
2009,COD,Dem. Rep. of the Congo,UKR,Ukraine,SWE,Sweden,2
2009,SOM,Somalia,UKR,Ukraine,PRT,Portugal,1
2009,AFG,Afghanistan,RUS,Russian Federation,NLD,Netherlands,5
2009,IRN,Iran (Islamic Rep. of),TUR,Turkey,USA,United States of America,705
2009,AFG,Afghanistan,TUR,Turkey,CAN,Canada,3
2009,IRQ,Iraq,RUS,Russian Federation,FRA,France,2
2009,SYR,Syrian Arab Rep.,UKR,Ukraine,USA,United States of America,12
2009,SYR,Syrian Arab Rep.,MDA,Rep. of Moldova,USA,United States of America,1
2009,AFG,Afghanistan,TUR,Turkey,AUS,Australia,3
2009,IRN,Iran (Islamic Rep. of),UKR,Ukraine,SWE,Sweden,3
2009,IRQ,Iraq,SRB,Serbia and Kosovo: S/RES/1244 (1999),NLD,Netherlands,7
2009,IRQ,Iraq,TUR,Turkey,USA,United States of America,4838
2009,COD,Dem. Rep. of the Congo,TUR,Turkey,CAN,Canada,5
2009,IRN,Iran (Islamic Rep. of),TUR,Turkey,FRA,France,3
2010,IRQ,Iraq,RUS,Russian Federation,NOR,Norway,1
2010,IRQ,Iraq,RUS,Russian Federation,FIN,Finland,1
2010,IRQ,Iraq,UKR,Ukraine,PRT,Portugal,1
2010,IRN,Iran (Islamic Rep. of),TUR,Turkey,DNK,Denmark,2
2010,IRN,Iran (Islamic Rep. of),AZE,Azerbaijan,USA,United States of America,5
2010,IRN,Iran (Islamic Rep. of),TUR,Turkey,CAN,Canada,528
2010,SYR,Syrian Arab Rep.,TUR,Turkey,USA,United States of America,1
2010,SOM,Somalia,RUS,Russian Federation,NOR,Norway,2
2010,IRN,Iran (Islamic Rep. of),TUR,Turkey,FIN,Finland,2
2010,AFG,Afghanistan,RUS,Russian Federation,USA,United States of America,160
2010,SOM,Somalia,UKR,Ukraine,PRT,Portugal,4
2010,IRQ,Iraq,TUR,Turkey,DNK,Denmark,2
2010,AFG,Afghanistan,AZE,Azerbaijan,FRA,France,6
2010,IRN,Iran (Islamic Rep. of),BLR,Belarus,USA,United States of America,1
2010,IRQ,Iraq,TUR,Turkey,CAN,Canada,276
2010,AFG,Afghanistan,UKR,Ukraine,USA,United States of America,43
2010,IRQ,Iraq,SRB,Serbia and Kosovo: S/RES/1244 (1999),NOR,Norway,4
2010,AFG,Afghanistan,TUR,Turkey,AUS,Australia,8
2010,SOM,Somalia,UKR,Ukraine,DNK,Denmark,2
2010,ERI,Eritrea,RUS,Russian Federation,USA,United States of America,1
2010,AFG,Afghanistan,RUS,Russian Federation,FRA,France,9
2010,ERI,Eritrea,MLT,Malta,USA,United States of America,288
2010,SOM,Somalia,TUR,Turkey,CAN,Canada,101
2010,COD,Dem. Rep. of the Congo,UKR,Ukraine,USA,United States of America,1
2010,AFG,Afghanistan,TUR,Turkey,NOR,Norway,2
2010,IRN,Iran (Islamic Rep. of),TUR,Turkey,AUS,Australia,200
2010,IRQ,Iraq,RUS,Russian Federation,USA,United States of America,2
2010,IRN,Iran (Islamic Rep. of),UKR,Ukraine,USA,United States of America,5
2010,SOM,Somalia,RUS,Russian Federation,FRA,France,1
2010,IRQ,Iraq,MLT,Malta,USA,United States of America,3
2010,SDN,Sudan,TUR,Turkey,CAN,Canada,9
2010,IRN,Iran (Islamic Rep. of),TUR,Turkey,NOR,Norway,237
2010,IRQ,Iraq,TUR,Turkey,AUS,Australia,502
2010,AFG,Afghanistan,TUR,Turkey,USA,United States of America,133
2010,AFG,Afghanistan,RUS,Russian Federation,SWE,Sweden,10
2010,IRN,Iran (Islamic Rep. of),BLR,Belarus,NLD,Netherlands,1
2010,IRQ,Iraq,UKR,Ukraine,USA,United States of America,5
2010,SDN,Sudan,RUS,Russian Federation,FRA,France,1
2010,SOM,Somalia,MLT,Malta,USA,United States of America,386
2010,IRQ,Iraq,TUR,Turkey,NOR,Norway,2
2010,AFG,Afghanistan,AZE,Azerbaijan,CAN,Canada,20
2010,COD,Dem. Rep. of the Congo,TUR,Turkey,USA,United States of America,1
2010,IRQ,Iraq,RUS,Russian Federation,SWE,Sweden,1
2010,AFG,Afghanistan,TUR,Turkey,NLD,Netherlands,4
2010,SOM,Somalia,UKR,Ukraine,USA,United States of America,7
2010,IRN,Iran (Islamic Rep. of),TUR,Turkey,FRA,France,7
2010,SDN,Sudan,MLT,Malta,USA,United States of America,15
2010,AFG,Afghanistan,UKR,Ukraine,NOR,Norway,1
2010,AFG,Afghanistan,RUS,Russian Federation,CAN,Canada,61
2010,ERI,Eritrea,TUR,Turkey,USA,United States of America,7
2010,SOM,Somalia,RUS,Russian Federation,SWE,Sweden,3
2010,IRN,Iran (Islamic Rep. of),TUR,Turkey,NLD,Netherlands,25
2010,AFG,Afghanistan,UKR,Ukraine,FRA,France,9
2010,IRQ,Iraq,TUR,Turkey,NLD,Netherlands,6
2010,IRQ,Iraq,RUS,Russian Federation,CAN,Canada,3
2010,IRN,Iran (Islamic Rep. of),TUR,Turkey,USA,United States of America,1433
2010,IRQ,Iraq,SRB,Serbia and Kosovo: S/RES/1244 (1999),SWE,Sweden,4
2010,IRN,Iran (Islamic Rep. of),TUR,Turkey,ITA,Italy,3
2010,COD,Dem. Rep. of the Congo,UKR,Ukraine,FRA,France,4
2010,AFG,Afghanistan,AZE,Azerbaijan,DNK,Denmark,2
2010,SOM,Somalia,RUS,Russian Federation,CAN,Canada,1
2010,IRQ,Iraq,TUR,Turkey,USA,United States of America,3018
2010,IRN,Iran (Islamic Rep. of),TUR,Turkey,SWE,Sweden,50
2010,IRQ,Iraq,UKR,Ukraine,FRA,France,2
2010,IRN,Iran (Islamic Rep. of),BLR,Belarus,DNK,Denmark,1
2010,IRQ,Iraq,TUR,Turkey,CHE,Switzerland,1
2010,IRN,Iran (Islamic Rep. of),TUR,Turkey,DEU,Germany,41
2010,AFG,Afghanistan,TUR,Turkey,CAN,Canada,58
2010,SOM,Somalia,TUR,Turkey,USA,United States of America,89
2010,IRQ,Iraq,TUR,Turkey,SWE,Sweden,12
2010,AFG,Afghanistan,RUS,Russian Federation,FIN,Finland,5
2010,SOM,Somalia,UKR,Ukraine,FRA,France,2
2010,IRN,Iran (Islamic Rep. of),TUR,Turkey,NZL,New Zealand,1
2010,AFG,Afghanistan,AZE,Azerbaijan,NOR,Norway,1
2010,AFG,Afghanistan,UKR,Ukraine,PRT,Portugal,5
2010,IRN,Iran (Islamic Rep. of),TUR,Turkey,CZE,Czechia,3
2010,AFG,Afghanistan,RUS,Russian Federation,DNK,Denmark,2
2010,AFG,Afghanistan,AZE,Azerbaijan,USA,United States of America,43
2010,ERI,Eritrea,TUR,Turkey,CAN,Canada,10
2010,SDN,Sudan,TUR,Turkey,USA,United States of America,12
2011,COD,Dem. Rep. of the Congo,AZE,Azerbaijan,FRA,France,1
2011,ERI,Eritrea,TUR,Turkey,CAN,Canada,2
2011,SOM,Somalia,MLT,Malta,USA,United States of America,275
2011,COD,Dem. Rep. of the Congo,TUR,Turkey,USA,United States of America,8
2011,SOM,Somalia,TUR,Turkey,NOR,Norway,1
2011,COD,Dem. Rep. of the Congo,RUS,Russian Federation,SWE,Sweden,1
2011,SOM,Somalia,UKR,Ukraine,USA,United States of America,5
2011,AFG,Afghanistan,BLR,Belarus,FRA,France,17
2011,IRN,Iran (Islamic Rep. of),TUR,Turkey,CAN,Canada,549
2011,SDN,Sudan,MLT,Malta,USA,United States of America,26
2011,ERI,Eritrea,TUR,Turkey,USA,United States of America,11
2011,SYR,Syrian Arab Rep.,TUR,Turkey,NOR,Norway,1
2011,SOM,Somalia,RUS,Russian Federation,SWE,Sweden,3
2011,SOM,Somalia,RUS,Russian Federation,FIN,Finland,2
2011,SYR,Syrian Arab Rep.,MDA,Rep. of Moldova,FRA,France,1
2011,IRQ,Iraq,TUR,Turkey,CAN,Canada,128
2011,AFG,Afghanistan,RUS,Russian Federation,USA,United States of America,256
2011,IRN,Iran (Islamic Rep. of),TUR,Turkey,USA,United States of America,1234
2011,SOM,Somalia,UKR,Ukraine,NOR,Norway,1
2011,IRQ,Iraq,SRB,Serbia and Kosovo: S/RES/1244 (1999),SWE,Sweden,3
2011,SOM,Somalia,UKR,Ukraine,FIN,Finland,1
2011,COD,Dem. Rep. of the Congo,RUS,Russian Federation,FRA,France,1
2011,SOM,Somalia,TUR,Turkey,CAN,Canada,33
2011,COD,Dem. Rep. of the Congo,RUS,Russian Federation,USA,United States of America,1
2011,AFG,Afghanistan,AZE,Azerbaijan,DNK,Denmark,1
2011,IRQ,Iraq,TUR,Turkey,USA,United States of America,3280
2011,AFG,Afghanistan,TUR,Turkey,SWE,Sweden,1
2011,AFG,Afghanistan,TUR,Turkey,FRA,France,4
2011,SDN,Sudan,TUR,Turkey,CAN,Canada,5
2011,ERI,Eritrea,RUS,Russian Federation,USA,United States of America,3
2011,IRN,Iran (Islamic Rep. of),TUR,Turkey,BEL,Belgium,3
2011,COD,Dem. Rep. of the Congo,RUS,Russian Federation,DNK,Denmark,1
2011,SOM,Somalia,TUR,Turkey,USA,United States of America,87
2011,IRN,Iran (Islamic Rep. of),TUR,Turkey,GBR,United Kingdom of Great Britain and Northern Ireland,5
2011,AFG,Afghanistan,AZE,Azerbaijan,CAN,Canada,26
2011,IRN,Iran (Islamic Rep. of),TUR,Turkey,SWE,Sweden,1
2011,IRN,Iran (Islamic Rep. of),TUR,Turkey,FRA,France,10
2011,SYR,Syrian Arab Rep.,TUR,Turkey,CAN,Canada,5
2011,IRN,Iran (Islamic Rep. of),RUS,Russian Federation,USA,United States of America,5
2011,AFG,Afghanistan,TUR,Turkey,AUS,Australia,5
2011,SOM,Somalia,RUS,Russian Federation,DNK,Denmark,3
2011,SDN,Sudan,TUR,Turkey,USA,United States of America,13
2011,IRQ,Iraq,AZE,Azerbaijan,CAN,Canada,14
2011,IRQ,Iraq,TUR,Turkey,SWE,Sweden,1
2011,IRN,Iran (Islamic Rep. of),TUR,Turkey,AUS,Australia,222
2011,COD,Dem. Rep. of the Congo,UKR,Ukraine,CAN,Canada,6
2011,IRQ,Iraq,RUS,Russian Federation,USA,United States of America,8
2011,IRQ,Iraq,SRB,Serbia and Kosovo: S/RES/1244 (1999),DNK,Denmark,6
2011,SYR,Syrian Arab Rep.,TUR,Turkey,USA,United States of America,6
2011,AFG,Afghanistan,RUS,Russian Federation,CAN,Canada,23
2011,IRN,Iran (Islamic Rep. of),ARM,Armenia,USA,United States of America,1
2011,IRQ,Iraq,UKR,Ukraine,SWE,Sweden,1
2011,SOM,Somalia,RUS,Russian Federation,USA,United States of America,3
2011,IRQ,Iraq,TUR,Turkey,AUS,Australia,226
2011,COD,Dem. Rep. of the Congo,RUS,Russian Federation,NOR,Norway,1
2011,AFG,Afghanistan,UKR,Ukraine,USA,United States of America,23
2011,IRQ,Iraq,RUS,Russian Federation,CAN,Canada,3
2011,AFG,Afghanistan,AZE,Azerbaijan,USA,United States of America,67
2011,SDN,Sudan,RUS,Russian Federation,USA,United States of America,2
2011,SOM,Somalia,RUS,Russian Federation,NOR,Norway,2
2011,IRN,Iran (Islamic Rep. of),TUR,Turkey,NLD,Netherlands,3
2011,COD,Dem. Rep. of the Congo,UKR,Ukraine,USA,United States of America,3
2011,AFG,Afghanistan,TUR,Turkey,CAN,Canada,85
2011,IRN,Iran (Islamic Rep. of),AZE,Azerbaijan,USA,United States of America,1
2011,IRQ,Iraq,SRB,Serbia and Kosovo: S/RES/1244 (1999),USA,United States of America,3
2011,IRN,Iran (Islamic Rep. of),TUR,Turkey,NOR,Norway,255
2011,IRQ,Iraq,TUR,Turkey,NLD,Netherlands,2
2011,IRN,Iran (Islamic Rep. of),UKR,Ukraine,USA,United States of America,3
2011,COD,Dem. Rep. of the Congo,TUR,Turkey,CAN,Canada,12
2011,ERI,Eritrea,MLT,Malta,USA,United States of America,85
2011,AFG,Afghanistan,TUR,Turkey,USA,United States of America,218
2011,IRQ,Iraq,TUR,Turkey,NOR,Norway,1
2011,IRQ,Iraq,UKR,Ukraine,USA,United States of America,6
2011,IRQ,Iraq,UKR,Ukraine,NLD,Netherlands,1
2011,IRN,Iran (Islamic Rep. of),TUR,Turkey,DEU,Germany,17
2011,AFG,Afghanistan,AZE,Azerbaijan,SWE,Sweden,1
2012,ERI,Eritrea,TUR,Turkey,USA,United States of America,11
2012,AFG,Afghanistan,UKR,Ukraine,FRA,France,1
2012,AFG,Afghanistan,RUS,Russian Federation,CAN,Canada,79
2012,AFG,Afghanistan,AZE,Azerbaijan,NLD,Netherlands,5
2012,IRN,Iran (Islamic Rep. of),TUR,Turkey,DEU,Germany,12
2012,IRN,Iran (Islamic Rep. of),TUR,Turkey,USA,United States of America,1400
2012,SDN,Sudan,TUR,Turkey,CAN,Canada,2
2012,COD,Dem. Rep. of the Congo,RUS,Russian Federation,CAN,Canada,2
2012,AFG,Afghanistan,AZE,Azerbaijan,USA,United States of America,35
2012,AFG,Afghanistan,TUR,Turkey,NLD,Netherlands,1
2012,IRQ,Iraq,TUR,Turkey,DEU,Germany,122
2012,IRQ,Iraq,TUR,Turkey,USA,United States of America,3327
2012,SYR,Syrian Arab Rep.,TUR,Turkey,CAN,Canada,1
2012,IRQ,Iraq,RUS,Russian Federation,CAN,Canada,5
2012,AFG,Afghanistan,TUR,Turkey,PRT,Portugal,1
2012,ERI,Eritrea,MLT,Malta,USA,United States of America,34
2012,IRN,Iran (Islamic Rep. of),TUR,Turkey,NLD,Netherlands,6
2012,SOM,Somalia,TUR,Turkey,USA,United States of America,124
2012,IRQ,Iraq,RUS,Russian Federation,NOR,Norway,1
2012,COD,Dem. Rep. of the Congo,UKR,Ukraine,CAN,Canada,4
2012,SDN,Sudan,RUS,Russian Federation,CAN,Canada,1
2012,IRN,Iran (Islamic Rep. of),TUR,Turkey,PRT,Portugal,2
2012,SOM,Somalia,MLT,Malta,USA,United States of America,71
2012,SDN,Sudan,TUR,Turkey,USA,United States of America,26
2012,AFG,Afghanistan,RUS,Russian Federation,FIN,Finland,2
2012,ERI,Eritrea,UKR,Ukraine,FRA,France,1
2012,AFG,Afghanistan,TUR,Turkey,NOR,Norway,67
2012,SOM,Somalia,UKR,Ukraine,CAN,Canada,5
2012,AFG,Afghanistan,TUR,Turkey,CAN,Canada,62
2012,SDN,Sudan,MLT,Malta,USA,United States of America,2
2012,SYR,Syrian Arab Rep.,TUR,Turkey,USA,United States of America,1
2012,IRQ,Iraq,SRB,Serbia and Kosovo: S/RES/1244 (1999),FIN,Finland,3
2012,IRN,Iran (Islamic Rep. of),TUR,Turkey,NOR,Norway,386
2012,COD,Dem. Rep. of the Congo,TUR,Turkey,CAN,Canada,6
2012,IRN,Iran (Islamic Rep. of),TUR,Turkey,GBR,United Kingdom of Great Britain and Northern Ireland,4
2012,AFG,Afghanistan,RUS,Russian Federation,USA,United States of America,51
2012,AFG,Afghanistan,UKR,Ukraine,USA,United States of America,7
2012,AFG,Afghanistan,TUR,Turkey,FIN,Finland,66
2012,AFG,Afghanistan,RUS,Russian Federation,FRA,France,14
2012,IRQ,Iraq,TUR,Turkey,GBR,United Kingdom of Great Britain and Northern Ireland,1
2012,SOM,Somalia,TUR,Turkey,NOR,Norway,1
2012,IRN,Iran (Islamic Rep. of),TUR,Turkey,CAN,Canada,494
2012,IRQ,Iraq,RUS,Russian Federation,USA,United States of America,3
2012,IRQ,Iraq,UKR,Ukraine,USA,United States of America,3
2012,IRN,Iran (Islamic Rep. of),TUR,Turkey,FIN,Finland,109
2012,SOM,Somalia,RUS,Russian Federation,FRA,France,1
2012,IRN,Iran (Islamic Rep. of),ARM,Armenia,CAN,Canada,1
2012,SOM,Somalia,TUR,Turkey,GBR,United Kingdom of Great Britain and Northern Ireland,1
2012,AFG,Afghanistan,RUS,Russian Federation,DNK,Denmark,2
2012,IRQ,Iraq,TUR,Turkey,CAN,Canada,177
2012,AFG,Afghanistan,RUS,Russian Federation,SWE,Sweden,8
2012,SDN,Sudan,RUS,Russian Federation,USA,United States of America,1
2012,AFG,Afghanistan,AZE,Azerbaijan,CAN,Canada,70
2012,AFG,Afghanistan,TUR,Turkey,AUS,Australia,4
2012,IRQ,Iraq,TUR,Turkey,FIN,Finland,26
2012,SDN,Sudan,RUS,Russian Federation,FRA,France,1
2012,SOM,Somalia,TUR,Turkey,CAN,Canada,18
2012,SOM,Somalia,UKR,Ukraine,SWE,Sweden,2
2012,AFG,Afghanistan,TUR,Turkey,USA,United States of America,251
2012,IRN,Iran (Islamic Rep. of),UKR,Ukraine,HUN,Hungary,1
2012,IRQ,Iraq,AZE,Azerbaijan,CAN,Canada,6
2012,IRN,Iran (Islamic Rep. of),TUR,Turkey,AUS,Australia,246
2012,SOM,Somalia,TUR,Turkey,FIN,Finland,32
2012,IRN,Iran (Islamic Rep. of),TUR,Turkey,FRA,France,1
2012,COD,Dem. Rep. of the Congo,TUR,Turkey,USA,United States of America,2
2012,IRQ,Iraq,TUR,Turkey,FRA,France,1
2012,IRN,Iran (Islamic Rep. of),GEO,Georgia,CAN,Canada,1
2012,IRQ,Iraq,TUR,Turkey,AUS,Australia,866
2013,IRN,Iran (Islamic Rep. of),RUS,Russian Federation,SWE,Sweden,1
2013,AFG,Afghanistan,TUR,Turkey,FIN,Finland,29
2013,AFG,Afghanistan,TUR,Turkey,AUS,Australia,1
2013,ERI,Eritrea,MLT,Malta,USA,United States of America,78
2013,SOM,Somalia,TUR,Turkey,FIN,Finland,13
2013,SOM,Somalia,TUR,Turkey,USA,United States of America,104
2013,ERI,Eritrea,UKR,Ukraine,DNK,Denmark,1
2013,SOM,Somalia,TUR,Turkey,CAN,Canada,10
2013,IRN,Iran (Islamic Rep. of),TUR,Turkey,SWE,Sweden,2
2013,AFG,Afghanistan,RUS,Russian Federation,ISL,Iceland,7
2013,IRN,Iran (Islamic Rep. of),TUR,Turkey,AUS,Australia,292
2013,SOM,Somalia,MLT,Malta,USA,United States of America,337
2013,SDN,Sudan,TUR,Turkey,USA,United States of America,3
2013,SYR,Syrian Arab Rep.,TUR,Turkey,CAN,Canada,1
2013,IRQ,Iraq,TUR,Turkey,SWE,Sweden,1
2013,IRQ,Iraq,TUR,Turkey,AUS,Australia,726
2013,SDN,Sudan,MLT,Malta,USA,United States of America,29
2013,SYR,Syrian Arab Rep.,TUR,Turkey,USA,United States of America,20
2013,AFG,Afghanistan,UKR,Ukraine,CAN,Canada,5
2013,IRN,Iran (Islamic Rep. of),GEO,Georgia,DEU,Germany,1
2013,SOM,Somalia,TUR,Turkey,SWE,Sweden,2
2013,SYR,Syrian Arab Rep.,TUR,Turkey,AUS,Australia,2
2013,SYR,Syrian Arab Rep.,MLT,Malta,USA,United States of America,4
2013,IRQ,Iraq,TUR,Turkey,ROU,Romania,82
2013,SYR,Syrian Arab Rep.,TUR,Turkey,NLD,Netherlands,7
2013,COD,Dem. Rep. of the Congo,UKR,Ukraine,CAN,Canada,6
2013,IRN,Iran (Islamic Rep. of),TUR,Turkey,DEU,Germany,146
2013,SYR,Syrian Arab Rep.,TUR,Turkey,SWE,Sweden,27
2013,AFG,Afghanistan,TUR,Turkey,PRT,Portugal,4
2013,AFG,Afghanistan,RUS,Russian Federation,USA,United States of America,24
2013,IRN,Iran (Islamic Rep. of),UKR,Ukraine,CAN,Canada,4
2013,IRQ,Iraq,TUR,Turkey,DEU,Germany,251
2013,SDN,Sudan,RUS,Russian Federation,FRA,France,1
2013,ERI,Eritrea,RUS,Russian Federation,USA,United States of America,1
2013,IRN,Iran (Islamic Rep. of),GEO,Georgia,BEL,Belgium,1
2013,AFG,Afghanistan,RUS,Russian Federation,CAN,Canada,100
2013,IRN,Iran (Islamic Rep. of),TUR,Turkey,PRT,Portugal,11
2013,SYR,Syrian Arab Rep.,TUR,Turkey,DEU,Germany,2
2013,AFG,Afghanistan,TUR,Turkey,FRA,France,5
2013,AFG,Afghanistan,TUR,Turkey,USA,United States of America,249
2013,AFG,Afghanistan,RUS,Russian Federation,BEL,Belgium,1
2013,COD,Dem. Rep. of the Congo,RUS,Russian Federation,CAN,Canada,1
2013,IRQ,Iraq,TUR,Turkey,PRT,Portugal,6
2013,AFG,Afghanistan,UKR,Ukraine,DEU,Germany,1
2013,IRN,Iran (Islamic Rep. of),TUR,Turkey,FRA,France,4
2013,COD,Dem. Rep. of the Congo,TUR,Turkey,USA,United States of America,8
2013,IRQ,Iraq,RUS,Russian Federation,NOR,Norway,1
2013,IRQ,Iraq,RUS,Russian Federation,CAN,Canada,2
2013,SOM,Somalia,TUR,Turkey,PRT,Portugal,3
2013,AFG,Afghanistan,AZE,Azerbaijan,USA,United States of America,31
2013,IRN,Iran (Islamic Rep. of),TUR,Turkey,GBR,United Kingdom of Great Britain and Northern Ireland,2
2013,ERI,Eritrea,TUR,Turkey,USA,United States of America,4
2013,IRN,Iran (Islamic Rep. of),TUR,Turkey,NOR,Norway,10
2013,AFG,Afghanistan,RUS,Russian Federation,DNK,Denmark,1
2013,AFG,Afghanistan,TUR,Turkey,CAN,Canada,17
2013,IRN,Iran (Islamic Rep. of),AZE,Azerbaijan,USA,United States of America,3
2013,IRN,Iran (Islamic Rep. of),TUR,Turkey,FIN,Finland,156
2013,IRQ,Iraq,TUR,Turkey,GBR,United Kingdom of Great Britain and Northern Ireland,2
2013,IRN,Iran (Islamic Rep. of),TUR,Turkey,USA,United States of America,1083
2013,SOM,Somalia,UKR,Ukraine,NOR,Norway,2
2013,IRN,Iran (Islamic Rep. of),RUS,Russian Federation,DNK,Denmark,1
2013,IRN,Iran (Islamic Rep. of),TUR,Turkey,CAN,Canada,785
2013,AFG,Afghanistan,RUS,Russian Federation,SWE,Sweden,1
2013,SYR,Syrian Arab Rep.,AZE,Azerbaijan,USA,United States of America,5
2013,AFG,Afghanistan,RUS,Russian Federation,FIN,Finland,1
2013,IRQ,Iraq,TUR,Turkey,FIN,Finland,18
2013,SOM,Somalia,TUR,Turkey,GBR,United Kingdom of Great Britain and Northern Ireland,7
2013,IRQ,Iraq,TUR,Turkey,USA,United States of America,5220
2013,SOM,Somalia,TUR,Turkey,DNK,Denmark,3
2013,IRQ,Iraq,TUR,Turkey,CAN,Canada,839
2014,IRN,Iran (Islamic Rep. of),RUS,Russian Federation,USA,United States of America,1
2014,AFG,Afghanistan,TUR,Turkey,CAN,Canada,11
2014,SYR,Syrian Arab Rep.,TUR,Turkey,FRA,France,9
2014,AFG,Afghanistan,UKR,Ukraine,SWE,Sweden,1
2014,AFG,Afghanistan,UKR,Ukraine,USA,United States of America,8
2014,IRN,Iran (Islamic Rep. of),TUR,Turkey,GBR,United Kingdom of Great Britain and Northern Ireland,3
2014,COD,Dem. Rep. of the Congo,RUS,Russian Federation,NOR,Norway,3
2014,IRQ,Iraq,RUS,Russian Federation,USA,United States of America,3
2014,IRN,Iran (Islamic Rep. of),TUR,Turkey,CAN,Canada,771
2014,SYR,Syrian Arab Rep.,TUR,Turkey,AUT,Austria,48
2014,COD,Dem. Rep. of the Congo,UKR,Ukraine,USA,United States of America,2
2014,AFG,Afghanistan,TUR,Turkey,FIN,Finland,1
2014,IRQ,Iraq,TUR,Turkey,GBR,United Kingdom of Great Britain and Northern Ireland,2
2014,IRN,Iran (Islamic Rep. of),TUR,Turkey,NOR,Norway,2
2014,IRN,Iran (Islamic Rep. of),TUR,Turkey,DNK,Denmark,4
2014,SOM,Somalia,RUS,Russian Federation,USA,United States of America,1
2014,IRQ,Iraq,TUR,Turkey,CAN,Canada,843
2014,SOM,Somalia,UKR,Ukraine,USA,United States of America,8
2014,SYR,Syrian Arab Rep.,TUR,Turkey,ISL,Iceland,14
2014,SYR,Syrian Arab Rep.,TUR,Turkey,LUX,Luxembourg,59
2014,IRN,Iran (Islamic Rep. of),TUR,Turkey,FIN,Finland,2
2014,SOM,Somalia,TUR,Turkey,GBR,United Kingdom of Great Britain and Northern Ireland,4
2014,IRQ,Iraq,TUR,Turkey,NOR,Norway,2
2014,SOM,Somalia,TUR,Turkey,DNK,Denmark,4
2014,AFG,Afghanistan,TUR,Turkey,USA,United States of America,586
2014,SOM,Somalia,TUR,Turkey,CAN,Canada,6
2014,SOM,Somalia,TUR,Turkey,FIN,Finland,2
2014,SYR,Syrian Arab Rep.,TUR,Turkey,GBR,United Kingdom of Great Britain and Northern Ireland,53
2014,ERI,Eritrea,MLT,Malta,USA,United States of America,85
2014,SOM,Somalia,TUR,Turkey,NOR,Norway,4
2014,SYR,Syrian Arab Rep.,TUR,Turkey,DNK,Denmark,2
2014,COD,Dem. Rep. of the Congo,TUR,Turkey,USA,United States of America,12
2014,SYR,Syrian Arab Rep.,TUR,Turkey,CAN,Canada,55
2014,IRN,Iran (Islamic Rep. of),TUR,Turkey,AUS,Australia,163
2014,SYR,Syrian Arab Rep.,TUR,Turkey,NLD,Netherlands,7
2014,AFG,Afghanistan,UKR,Ukraine,FIN,Finland,6
2014,IRN,Iran (Islamic Rep. of),MLT,Malta,USA,United States of America,1
2014,SYR,Syrian Arab Rep.,TUR,Turkey,NOR,Norway,512
2014,AFG,Afghanistan,RUS,Russian Federation,SWE,Sweden,13
2014,ERI,Eritrea,TUR,Turkey,USA,United States of America,10
2014,AFG,Afghanistan,UKR,Ukraine,CAN,Canada,9
2014,IRQ,Iraq,TUR,Turkey,AUS,Australia,854
2014,IRQ,Iraq,BIH,Bosnia and Herzegovina,CAN,Canada,1
2014,SOM,Somalia,MLT,Malta,USA,United States of America,311
2014,ERI,Eritrea,RUS,Russian Federation,SWE,Sweden,1
2014,IRN,Iran (Islamic Rep. of),TUR,Turkey,USA,United States of America,1361
2014,COD,Dem. Rep. of the Congo,UKR,Ukraine,CAN,Canada,1
2014,SYR,Syrian Arab Rep.,TUR,Turkey,AUS,Australia,86
2014,SYR,Syrian Arab Rep.,BIH,Bosnia and Herzegovina,CAN,Canada,15
2014,SDN,Sudan,MLT,Malta,USA,United States of America,15
2014,IRN,Iran (Islamic Rep. of),TUR,Turkey,SWE,Sweden,5
2014,IRQ,Iraq,TUR,Turkey,USA,United States of America,5144
2014,SOM,Somalia,UKR,Ukraine,CAN,Canada,1
2014,IRN,Iran (Islamic Rep. of),TUR,Turkey,BEL,Belgium,1
2014,AFG,Afghanistan,RUS,Russian Federation,CAN,Canada,23
2014,IRQ,Iraq,TUR,Turkey,DEU,Germany,4
2014,AFG,Afghanistan,RUS,Russian Federation,USA,United States of America,40
2014,IRQ,Iraq,RUS,Russian Federation,FRA,France,1
2014,IRQ,Iraq,TUR,Turkey,SWE,Sweden,2
2014,SOM,Somalia,TUR,Turkey,USA,United States of America,167
2014,SYR,Syrian Arab Rep.,TUR,Turkey,BEL,Belgium,91
2014,COD,Dem. Rep. of the Congo,RUS,Russian Federation,USA,United States of America,9
2014,COD,Dem. Rep. of the Congo,RUS,Russian Federation,CAN,Canada,4
2014,SYR,Syrian Arab Rep.,TUR,Turkey,DEU,Germany,14
2014,COD,Dem. Rep. of the Congo,TUR,Turkey,FRA,France,1
2014,SOM,Somalia,TUR,Turkey,SWE,Sweden,15
2014,SYR,Syrian Arab Rep.,TUR,Turkey,LIE,Liechtenstein,20
2014,SDN,Sudan,TUR,Turkey,USA,United States of America,9
2014,ERI,Eritrea,RUS,Russian Federation,USA,United States of America,3
2014,IRQ,Iraq,RUS,Russian Federation,CAN,Canada,2
2014,IRN,Iran (Islamic Rep. of),TUR,Turkey,FRA,France,2
2014,SYR,Syrian Arab Rep.,TUR,Turkey,SWE,Sweden,220
2014,SYR,Syrian Arab Rep.,TUR,Turkey,USA,United States of America,4267
2014,IRQ,Iraq,TUR,Turkey,MEX,Mexico,1
2014,AFG,Afghanistan,RUS,Russian Federation,NOR,Norway,6
2015,IRQ,Iraq,TUR,Turkey,NZL,New Zealand,1
2015,IRQ,Iraq,TUR,Turkey,CAN,Canada,960
2015,COD,Dem. Rep. of the Congo,TUR,Turkey,USA,United States of America,10
2015,ERI,Eritrea,UKR,Ukraine,USA,United States of America,2
2015,SYR,Syrian Arab Rep.,TUR,Turkey,CAN,Canada,5
2015,IRN,Iran (Islamic Rep. of),TUR,Turkey,FRA,France,5
2015,AFG,Afghanistan,RUS,Russian Federation,SWE,Sweden,17
2015,IRN,Iran (Islamic Rep. of),UKR,Ukraine,USA,United States of America,2
2015,ERI,Eritrea,TUR,Turkey,USA,United States of America,2
2015,IRN,Iran (Islamic Rep. of),UKR,Ukraine,CAN,Canada,1
2015,IRQ,Iraq,RUS,Russian Federation,SWE,Sweden,1
2015,SOM,Somalia,UKR,Ukraine,USA,United States of America,3
2015,IRN,Iran (Islamic Rep. of),TUR,Turkey,USA,United States of America,2054
2015,ERI,Eritrea,MLT,Malta,USA,United States of America,179
2015,SOM,Somalia,RUS,Russian Federation,SWE,Sweden,1
2015,SDN,Sudan,UKR,Ukraine,USA,United States of America,1
2015,IRQ,Iraq,TUR,Turkey,USA,United States of America,5374
2015,SOM,Somalia,MLT,Malta,USA,United States of America,207
2015,SDN,Sudan,RUS,Russian Federation,SWE,Sweden,4
2015,SOM,Somalia,TUR,Turkey,USA,United States of America,99
2015,SYR,Syrian Arab Rep.,UKR,Ukraine,USA,United States of America,7
2015,SOM,Somalia,TUR,Turkey,GBR,United Kingdom of Great Britain and Northern Ireland,1
2015,SYR,Syrian Arab Rep.,TUR,Turkey,DNK,Denmark,9
2015,SDN,Sudan,MLT,Malta,USA,United States of America,5
2015,SYR,Syrian Arab Rep.,RUS,Russian Federation,SWE,Sweden,2
2015,SDN,Sudan,TUR,Turkey,USA,United States of America,1
2015,IRN,Iran (Islamic Rep. of),TUR,Turkey,NLD,Netherlands,2
2015,AFG,Afghanistan,RUS,Russian Federation,FIN,Finland,21
2015,SYR,Syrian Arab Rep.,TUR,Turkey,GBR,United Kingdom of Great Britain and Northern Ireland,404
2015,SDN,Sudan,RUS,Russian Federation,NOR,Norway,4
2015,AFG,Afghanistan,UKR,Ukraine,DNK,Denmark,5
2015,AFG,Afghanistan,RUS,Russian Federation,USA,United States of America,13
2015,IRN,Iran (Islamic Rep. of),TUR,Turkey,SWE,Sweden,5
2015,SOM,Somalia,TUR,Turkey,NOR,Norway,1
2015,SOM,Somalia,TUR,Turkey,NLD,Netherlands,1
2015,SDN,Sudan,RUS,Russian Federation,FIN,Finland,1
2015,SOM,Somalia,TUR,Turkey,SWE,Sweden,6
2015,ERI,Eritrea,RUS,Russian Federation,USA,United States of America,1
2015,IRN,Iran (Islamic Rep. of),TUR,Turkey,AUS,Australia,68
2015,SYR,Syrian Arab Rep.,TUR,Turkey,NOR,Norway,234
2015,SYR,Syrian Arab Rep.,TUR,Turkey,NLD,Netherlands,9
2015,IRN,Iran (Islamic Rep. of),TUR,Turkey,FIN,Finland,4
2015,AFG,Afghanistan,RUS,Russian Federation,CAN,Canada,8
2015,SYR,Syrian Arab Rep.,TUR,Turkey,SWE,Sweden,57
2015,SDN,Sudan,RUS,Russian Federation,USA,United States of America,3
2015,IRQ,Iraq,TUR,Turkey,AUS,Australia,273
2015,IRQ,Iraq,TUR,Turkey,FIN,Finland,3
2015,AFG,Afghanistan,TUR,Turkey,CAN,Canada,6
2015,SYR,Syrian Arab Rep.,TUR,Turkey,AUS,Australia,203
2015,SYR,Syrian Arab Rep.,UKR,Ukraine,DNK,Denmark,1
2015,AFG,Afghanistan,UKR,Ukraine,SWE,Sweden,6
2015,IRN,Iran (Islamic Rep. of),TUR,Turkey,BEL,Belgium,18
2015,SYR,Syrian Arab Rep.,RUS,Russian Federation,USA,United States of America,5
2015,SYR,Syrian Arab Rep.,TUR,Turkey,USA,United States of America,7169
2015,IRN,Iran (Islamic Rep. of),TUR,Turkey,CAN,Canada,474
2015,SYR,Syrian Arab Rep.,TUR,Turkey,HUN,Hungary,1
2015,AFG,Afghanistan,TUR,Turkey,USA,United States of America,678
2015,AFG,Afghanistan,UKR,Ukraine,USA,United States of America,30
2016,SYR,Syrian Arab Rep.,TUR,Turkey,FIN,Finland,715
2016,AFG,Afghanistan,RUS,Russian Federation,USA,United States of America,15
2016,SYR,Syrian Arab Rep.,TUR,Turkey,HUN,Hungary,4
2016,SYR,Syrian Arab Rep.,TUR,Turkey,USA,United States of America,1768
2016,SYR,Syrian Arab Rep.,TUR,Turkey,CZE,Czechia,100
2016,IRQ,Iraq,TUR,Turkey,AUS,Australia,488
2016,SYR,Syrian Arab Rep.,TUR,Turkey,EST,Estonia,66
2016,SYR,Syrian Arab Rep.,RUS,Russian Federation,SWE,Sweden,8
2016,SYR,Syrian Arab Rep.,TUR,Turkey,MLT,Malta,6
2016,SYR,Syrian Arab Rep.,TUR,Turkey,NZL,New Zealand,1
2016,COD,Dem. Rep. of the Congo,RUS,Russian Federation,USA,United States of America,4
2016,AFG,Afghanistan,UKR,Ukraine,USA,United States of America,5
2016,SYR,Syrian Arab Rep.,TUR,Turkey,AUS,Australia,199
2016,SYR,Syrian Arab Rep.,TUR,Turkey,SWE,Sweden,441
2016,SYR,Syrian Arab Rep.,TUR,Turkey,AUT,Austria,6
2016,SOM,Somalia,RUS,Russian Federation,USA,United States of America,1
2016,IRN,Iran (Islamic Rep. of),AZE,Azerbaijan,FRA,France,5
2016,ERI,Eritrea,UKR,Ukraine,USA,United States of America,1
2016,AFG,Afghanistan,UKR,Ukraine,SWE,Sweden,1
2016,SDN,Sudan,RUS,Russian Federation,USA,United States of America,3
2016,AFG,Afghanistan,RUS,Russian Federation,CAN,Canada,10
2016,AFG,Afghanistan,RUS,Russian Federation,FRA,France,1
2016,IRN,Iran (Islamic Rep. of),UKR,Ukraine,USA,United States of America,3
2016,SYR,Syrian Arab Rep.,TUR,Turkey,LUX,Luxembourg,164
2016,SYR,Syrian Arab Rep.,TUR,Turkey,ITA,Italy,544
2016,SYR,Syrian Arab Rep.,RUS,Russian Federation,USA,United States of America,6
2016,IRN,Iran (Islamic Rep. of),TUR,Turkey,CAN,Canada,1
2016,SYR,Syrian Arab Rep.,RUS,Russian Federation,FRA,France,1
2016,SOM,Somalia,UKR,Ukraine,USA,United States of America,12
2016,SYR,Syrian Arab Rep.,TUR,Turkey,ROU,Romania,15
2016,AFG,Afghanistan,TUR,Turkey,USA,United States of America,653
2016,SYR,Syrian Arab Rep.,TUR,Turkey,HRV,Croatia,35
2016,IRQ,Iraq,TUR,Turkey,CAN,Canada,140
2016,SYR,Syrian Arab Rep.,TUR,Turkey,FRA,France,1690
2016,AFG,Afghanistan,BLR,Belarus,USA,United States of America,15
2016,SYR,Syrian Arab Rep.,TUR,Turkey,BGR,Bulgaria,41
2016,ERI,Eritrea,TUR,Turkey,USA,United States of America,4
2016,SYR,Syrian Arab Rep.,TUR,Turkey,CAN,Canada,4975
2016,ERI,Eritrea,MLT,Malta,USA,United States of America,179
2016,AFG,Afghanistan,TUR,Turkey,GBR,United Kingdom of Great Britain and Northern Ireland,25
2016,IRN,Iran (Islamic Rep. of),TUR,Turkey,USA,United States of America,1754
2016,SYR,Syrian Arab Rep.,TUR,Turkey,LVA,Latvia,53
2016,AFG,Afghanistan,UKR,Ukraine,CAN,Canada,2
2016,IRQ,Iraq,TUR,Turkey,GBR,United Kingdom of Great Britain and Northern Ireland,125
2016,SOM,Somalia,MLT,Malta,USA,United States of America,147
2016,SYR,Syrian Arab Rep.,TUR,Turkey,ESP,Spain,299
2016,IRQ,Iraq,TUR,Turkey,USA,United States of America,8596
2016,COD,Dem. Rep. of the Congo,UKR,Ukraine,CAN,Canada,3
2016,IRQ,Iraq,TUR,Turkey,ITA,Italy,1
2016,SYR,Syrian Arab Rep.,TUR,Turkey,PRT,Portugal,46
2016,SYR,Syrian Arab Rep.,TUR,Turkey,GBR,United Kingdom of Great Britain and Northern Ireland,1068
2016,SYR,Syrian Arab Rep.,TUR,Turkey,NOR,Norway,910
2016,SDN,Sudan,MLT,Malta,USA,United States of America,3
2016,SYR,Syrian Arab Rep.,TUR,Turkey,NLD,Netherlands,1034
2016,SOM,Somalia,TUR,Turkey,USA,United States of America,52
2016,IRN,Iran (Islamic Rep. of),UKR,Ukraine,CAN,Canada,1
2016,AFG,Afghanistan,UKR,Ukraine,NOR,Norway,1
2016,SYR,Syrian Arab Rep.,TUR,Turkey,DEU,Germany,2146
2016,SYR,Syrian Arab Rep.,MLT,Malta,USA,United States of America,16
2016,SDN,Sudan,RUS,Russian Federation,FIN,Finland,1
2016,SDN,Sudan,TUR,Turkey,USA,United States of America,9
2016,SYR,Syrian Arab Rep.,TUR,Turkey,LTU,Lithuania,85
2016,IRQ,Iraq,TUR,Turkey,CHE,Switzerland,5
2016,IRN,Iran (Islamic Rep. of),TUR,Turkey,AUS,Australia,153
2016,IRQ,Iraq,RUS,Russian Federation,DNK,Denmark,1
2016,SDN,Sudan,RUS,Russian Federation,SWE,Sweden,1
2016,SYR,Syrian Arab Rep.,TUR,Turkey,BEL,Belgium,271
2017,AFG,Afghanistan,RUS,Russian Federation,SWE,Sweden,2
2017,SYR,Syrian Arab Rep.,TUR,Turkey,NLD,Netherlands,2666
2017,IRN,Iran (Islamic Rep. of),TUR,Turkey,GBR,United Kingdom of Great Britain and Northern Ireland,33
2017,SYR,Syrian Arab Rep.,UKR,Ukraine,NOR,Norway,1
2017,IRQ,Iraq,TUR,Turkey,DEU,Germany,1
2017,SOM,Somalia,MLT,Malta,USA,United States of America,27
2017,SYR,Syrian Arab Rep.,TUR,Turkey,LTU,Lithuania,191
2017,ERI,Eritrea,TUR,Turkey,USA,United States of America,2
2017,SYR,Syrian Arab Rep.,TUR,Turkey,BEL,Belgium,706
2017,AFG,Afghanistan,TUR,Turkey,CAN,Canada,15
2017,ERI,Eritrea,MLT,Malta,USA,United States of America,11
2017,SYR,Syrian Arab Rep.,RUS,Russian Federation,SWE,Sweden,8
2017,AFG,Afghanistan,SRB,Serbia and Kosovo: S/RES/1244 (1999),NLD,Netherlands,1
2017,IRQ,Iraq,TUR,Turkey,FIN,Finland,1
2017,IRQ,Iraq,TUR,Turkey,GBR,United Kingdom of Great Britain and Northern Ireland,100
2017,IRQ,Iraq,TUR,Turkey,NOR,Norway,1
2017,SYR,Syrian Arab Rep.,TUR,Turkey,DEU,Germany,3433
2017,IRN,Iran (Islamic Rep. of),TUR,Turkey,CAN,Canada,42
2017,IRN,Iran (Islamic Rep. of),TUR,Turkey,USA,United States of America,618
2017,SYR,Syrian Arab Rep.,TUR,Turkey,EST,Estonia,143
2017,SYR,Syrian Arab Rep.,TUR,Turkey,MLT,Malta,11
2017,ERI,Eritrea,RUS,Russian Federation,SWE,Sweden,3
2017,SYR,Syrian Arab Rep.,RUS,Russian Federation,NLD,Netherlands,5
2017,SYR,Syrian Arab Rep.,TUR,Turkey,FIN,Finland,650
2017,SOM,Somalia,TUR,Turkey,GBR,United Kingdom of Great Britain and Northern Ireland,4
2017,SYR,Syrian Arab Rep.,TUR,Turkey,NOR,Norway,818
2017,IRQ,Iraq,TUR,Turkey,CAN,Canada,183
2017,IRQ,Iraq,TUR,Turkey,AUS,Australia,1
2017,IRQ,Iraq,TUR,Turkey,USA,United States of America,1437
2017,SYR,Syrian Arab Rep.,TUR,Turkey,AUT,Austria,245
2017,SDN,Sudan,RUS,Russian Federation,SWE,Sweden,1
2017,AFG,Afghanistan,SRB,Serbia and Kosovo: S/RES/1244 (1999),FIN,Finland,1
2017,SDN,Sudan,TUR,Turkey,GBR,United Kingdom of Great Britain and Northern Ireland,3
2017,SYR,Syrian Arab Rep.,SRB,Serbia and Kosovo: S/RES/1244 (1999),NOR,Norway,2
2017,SYR,Syrian Arab Rep.,TUR,Turkey,SVN,Slovenia,67
2017,SYR,Syrian Arab Rep.,TUR,Turkey,CAN,Canada,244
2017,SYR,Syrian Arab Rep.,TUR,Turkey,AUS,Australia,2
2017,SOM,Somalia,TUR,Turkey,USA,United States of America,45
2017,ERI,Eritrea,UKR,Ukraine,SWE,Sweden,1
2017,IRQ,Iraq,GEO,Georgia,SWE,Sweden,1
2017,AFG,Afghanistan,RUS,Russian Federation,FIN,Finland,3
2017,SYR,Syrian Arab Rep.,TUR,Turkey,GBR,United Kingdom of Great Britain and Northern Ireland,593
2017,IRN,Iran (Islamic Rep. of),ARM,Armenia,NOR,Norway,1
2017,IRN,Iran (Islamic Rep. of),TUR,Turkey,LUX,Luxembourg,1
2017,AFG,Afghanistan,SRB,Serbia and Kosovo: S/RES/1244 (1999),CAN,Canada,3
2017,AFG,Afghanistan,SRB,Serbia and Kosovo: S/RES/1244 (1999),AUS,Australia,2
2017,SDN,Sudan,TUR,Turkey,USA,United States of America,2
2017,SOM,Somalia,UKR,Ukraine,SWE,Sweden,6
2017,SYR,Syrian Arab Rep.,TUR,Turkey,ITA,Italy,102
2017,IRQ,Iraq,ARM,Armenia,SWE,Sweden,1
2017,SYR,Syrian Arab Rep.,RUS,Russian Federation,FIN,Finland,6
2017,AFG,Afghanistan,UKR,Ukraine,USA,United States of America,10
2017,IRQ,Iraq,TUR,Turkey,LUX,Luxembourg,1
2017,IRN,Iran (Islamic Rep. of),ARM,Armenia,CAN,Canada,2
2017,SYR,Syrian Arab Rep.,TUR,Turkey,ROU,Romania,48
2017,SYR,Syrian Arab Rep.,TUR,Turkey,USA,United States of America,90
2017,SYR,Syrian Arab Rep.,UKR,Ukraine,SWE,Sweden,1
2017,SYR,Syrian Arab Rep.,ARM,Armenia,FIN,Finland,1
2017,SYR,Syrian Arab Rep.,TUR,Turkey,HRV,Croatia,157
2017,SYR,Syrian Arab Rep.,TUR,Turkey,FRA,France,2351
2017,COD,Dem. Rep. of the Congo,UKR,Ukraine,USA,United States of America,2
2017,SYR,Syrian Arab Rep.,TUR,Turkey,LUX,Luxembourg,149
2017,SYR,Syrian Arab Rep.,RUS,Russian Federation,USA,United States of America,33
2017,AFG,Afghanistan,UKR,Ukraine,SWE,Sweden,6
2017,IRN,Iran (Islamic Rep. of),ARM,Armenia,FIN,Finland,1
2017,AFG,Afghanistan,SRB,Serbia and Kosovo: S/RES/1244 (1999),FRA,France,2
2017,SOM,Somalia,UKR,Ukraine,USA,United States of America,8
2017,SDN,Sudan,RUS,Russian Federation,USA,United States of America,2
2017,SDN,Sudan,UKR,Ukraine,SWE,Sweden,1
2017,SYR,Syrian Arab Rep.,TUR,Turkey,CYP,Cyprus,6
2017,SDN,Sudan,UKR,Ukraine,USA,United States of America,1
2017,SYR,Syrian Arab Rep.,TUR,Turkey,LVA,Latvia,65
2017,SYR,Syrian Arab Rep.,TUR,Turkey,ESP,Spain,399
2017,ERI,Eritrea,RUS,Russian Federation,USA,United States of America,1
2017,SYR,Syrian Arab Rep.,TUR,Turkey,SWE,Sweden,440
2017,AFG,Afghanistan,TUR,Turkey,USA,United States of America,654
2017,SYR,Syrian Arab Rep.,TUR,Turkey,PRT,Portugal,205
2017,AFG,Afghanistan,TUR,Turkey,GBR,United Kingdom of Great Britain and Northern Ireland,70
2017,AFG,Afghanistan,RUS,Russian Federation,USA,United States of America,15
2017,AFG,Afghanistan,SRB,Serbia and Kosovo: S/RES/1244 (1999),SWE,Sweden,24
2017,IRN,Iran (Islamic Rep. of),TUR,Turkey,NLD,Netherlands,3
2017,COD,Dem. Rep. of the Congo,TUR,Turkey,USA,United States of America,1
2017,AFG,Afghanistan,UKR,Ukraine,CAN,Canada,1
2018,SOM,Somalia,TUR,Turkey,CAN,Canada,3
2018,SYR,Syrian Arab Rep.,TUR,Turkey,USA,United States of America,24
2018,SYR,Syrian Arab Rep.,TUR,Turkey,SWE,Sweden,640
2018,COD,Dem. Rep. of the Congo,RUS,Russian Federation,FIN,Finland,1
2018,SOM,Somalia,MLT,Malta,USA,United States of America,2
2018,SYR,Syrian Arab Rep.,TUR,Turkey,PRT,Portugal,99
2018,SYR,Syrian Arab Rep.,TUR,Turkey,CAN,Canada,966
2018,SYR,Syrian Arab Rep.,TUR,Turkey,LTU,Lithuania,13
2018,SYR,Syrian Arab Rep.,TUR,Turkey,BEL,Belgium,692
2018,AFG,Afghanistan,UKR,Ukraine,USA,United States of America,4
2018,SYR,Syrian Arab Rep.,TUR,Turkey,DEU,Germany,3928
2018,ERI,Eritrea,UKR,Ukraine,NZL,New Zealand,1
2018,SYR,Syrian Arab Rep.,TUR,Turkey,EST,Estonia,88
2018,IRN,Iran (Islamic Rep. of),UKR,Ukraine,USA,United States of America,1
2018,SYR,Syrian Arab Rep.,TUR,Turkey,NLD,Netherlands,1702
2018,AFG,Afghanistan,TUR,Turkey,USA,United States of America,2149
2018,AFG,Afghanistan,SRB,Serbia and Kosovo: S/RES/1244 (1999),NLD,Netherlands,1
2018,COD,Dem. Rep. of the Congo,TUR,Turkey,USA,United States of America,3
2018,AFG,Afghanistan,TUR,Turkey,GBR,United Kingdom of Great Britain and Northern Ireland,66
2018,IRN,Iran (Islamic Rep. of),TUR,Turkey,NOR,Norway,4
2018,SYR,Syrian Arab Rep.,TUR,Turkey,AUS,Australia,1
2018,IRN,Iran (Islamic Rep. of),TUR,Turkey,ITA,Italy,3
2018,ERI,Eritrea,TUR,Turkey,USA,United States of America,1
2018,AFG,Afghanistan,UKR,Ukraine,SWE,Sweden,1
2018,IRN,Iran (Islamic Rep. of),TUR,Turkey,GBR,United Kingdom of Great Britain and Northern Ireland,21
2018,AFG,Afghanistan,SRB,Serbia and Kosovo: S/RES/1244 (1999),NOR,Norway,1
2018,SYR,Syrian Arab Rep.,TUR,Turkey,BGR,Bulgaria,66
2018,AFG,Afghanistan,TUR,Turkey,CAN,Canada,125
2018,AFG,Afghanistan,SRB,Serbia and Kosovo: S/RES/1244 (1999),SWE,Sweden,7
2018,SYR,Syrian Arab Rep.,TUR,Turkey,ITA,Italy,118
2018,IRN,Iran (Islamic Rep. of),TUR,Turkey,USA,United States of America,161
2018,AFG,Afghanistan,TUR,Turkey,SWE,Sweden,47
2018,IRQ,Iraq,TUR,Turkey,GBR,United Kingdom of Great Britain and Northern Ireland,110
2018,COD,Dem. Rep. of the Congo,RUS,Russian Federation,NOR,Norway,1
2018,SYR,Syrian Arab Rep.,TUR,Turkey,HRV,Croatia,330
2018,SYR,Syrian Arab Rep.,SRB,Serbia and Kosovo: S/RES/1244 (1999),SWE,Sweden,1
2018,ERI,Eritrea,TUR,Turkey,CAN,Canada,1
2018,IRQ,Iraq,TUR,Turkey,USA,United States of America,945
2018,IRN,Iran (Islamic Rep. of),TUR,Turkey,SWE,Sweden,11
2018,SYR,Syrian Arab Rep.,TUR,Turkey,FIN,Finland,622
2018,SYR,Syrian Arab Rep.,TUR,Turkey,GBR,United Kingdom of Great Britain and Northern Ireland,401
2018,SYR,Syrian Arab Rep.,RUS,Russian Federation,NOR,Norway,2
2018,SYR,Syrian Arab Rep.,TUR,Turkey,FRA,France,1418
2018,SYR,Syrian Arab Rep.,RUS,Russian Federation,SWE,Sweden,9
2018,IRN,Iran (Islamic Rep. of),TUR,Turkey,CAN,Canada,223
2018,SOM,Somalia,TUR,Turkey,USA,United States of America,34
2018,IRQ,Iraq,TUR,Turkey,SWE,Sweden,2
2018,SYR,Syrian Arab Rep.,SRB,Serbia and Kosovo: S/RES/1244 (1999),FIN,Finland,5
2018,AFG,Afghanistan,SRB,Serbia and Kosovo: S/RES/1244 (1999),FRA,France,7
2018,SYR,Syrian Arab Rep.,TUR,Turkey,LVA,Latvia,4
2018,AFG,Afghanistan,RUS,Russian Federation,USA,United States of America,13
2018,COD,Dem. Rep. of the Congo,RUS,Russian Federation,SWE,Sweden,5
2018,IRQ,Iraq,TUR,Turkey,CAN,Canada,489
2018,SYR,Syrian Arab Rep.,TUR,Turkey,ESP,Spain,263
2018,SDN,Sudan,TUR,Turkey,USA,United States of America,7
2018,SDN,Sudan,TUR,Turkey,SWE,Sweden,5
2018,AFG,Afghanistan,SRB,Serbia and Kosovo: S/RES/1244 (1999),FIN,Finland,1
2018,SYR,Syrian Arab Rep.,RUS,Russian Federation,USA,United States of America,2
2018,IRQ,Iraq,TUR,Turkey,PRT,Portugal,108
2019,SYR,Syrian Arab Rep.,TUR,Turkey,SWE,Sweden,699
2019,IRN,Iran (Islamic Rep. of),TUR,Turkey,ESP,Spain,83
2019,IRQ,Iraq,TUR,Turkey,GBR,United Kingdom of Great Britain and Northern Ireland,57
2019,AFG,Afghanistan,SRB,Serbia and Kosovo: S/RES/1244 (1999),FRA,France,1
2019,SYR,Syrian Arab Rep.,RUS,Russian Federation,SWE,Sweden,1
2019,SYR,Syrian Arab Rep.,TUR,Turkey,ESP,Spain,518
2019,IRN,Iran (Islamic Rep. of),TUR,Turkey,GBR,United Kingdom of Great Britain and Northern Ireland,5
2019,SYR,Syrian Arab Rep.,TUR,Turkey,FIN,Finland,547
2019,AFG,Afghanistan,TUR,Turkey,USA,United States of America,3132
2019,IRQ,Iraq,TUR,Turkey,PRT,Portugal,265
2019,IRN,Iran (Islamic Rep. of),SRB,Serbia and Kosovo: S/RES/1244 (1999),FRA,France,1
2019,IRN,Iran (Islamic Rep. of),ARM,Armenia,SWE,Sweden,1
2019,IRQ,Iraq,TUR,Turkey,CAN,Canada,144
2019,IRQ,Iraq,TUR,Turkey,ESP,Spain,1
2019,AFG,Afghanistan,TUR,Turkey,GBR,United Kingdom of Great Britain and Northern Ireland,10
2019,SYR,Syrian Arab Rep.,RUS,Russian Federation,FIN,Finland,3
2019,SYR,Syrian Arab Rep.,TUR,Turkey,USA,United States of America,4
2019,SYR,Syrian Arab Rep.,TUR,Turkey,PRT,Portugal,422
2019,SYR,Syrian Arab Rep.,TUR,Turkey,BEL,Belgium,468
2019,SYR,Syrian Arab Rep.,TUR,Turkey,DEU,Germany,2669
2019,SYR,Syrian Arab Rep.,TUR,Turkey,NZL,New Zealand,11
2019,IRN,Iran (Islamic Rep. of),TUR,Turkey,CAN,Canada,87
2019,ERI,Eritrea,TUR,Turkey,USA,United States of America,1
2019,SYR,Syrian Arab Rep.,TUR,Turkey,EST,Estonia,5
2019,SOM,Somalia,TUR,Turkey,CAN,Canada,13
2019,IRQ,Iraq,TUR,Turkey,DEU,Germany,3
2019,IRQ,Iraq,TUR,Turkey,USA,United States of America,37
2019,SDN,Sudan,TUR,Turkey,CAN,Canada,4
2019,SYR,Syrian Arab Rep.,TUR,Turkey,NLD,Netherlands,799
2019,IRN,Iran (Islamic Rep. of),TUR,Turkey,USA,United States of America,8
2019,SYR,Syrian Arab Rep.,TUR,Turkey,CAN,Canada,1571
2019,SOM,Somalia,MLT,Malta,USA,United States of America,3
2019,SYR,Syrian Arab Rep.,TUR,Turkey,ROU,Romania,69
2019,IRN,Iran (Islamic Rep. of),TUR,Turkey,AUS,Australia,86
2019,AFG,Afghanistan,TUR,Turkey,CAN,Canada,3
2019,SYR,Syrian Arab Rep.,TUR,Turkey,BGR,Bulgaria,167
2019,SYR,Syrian Arab Rep.,TUR,Turkey,AUS,Australia,2
2019,SYR,Syrian Arab Rep.,TUR,Turkey,HRV,Croatia,41
2019,SYR,Syrian Arab Rep.,TUR,Turkey,ITA,Italy,31
2019,IRQ,Iraq,TUR,Turkey,AUS,Australia,129
2019,SOM,Somalia,TUR,Turkey,GBR,United Kingdom of Great Britain and Northern Ireland,4
2019,SYR,Syrian Arab Rep.,TUR,Turkey,GBR,United Kingdom of Great Britain and Northern Ireland,200
2019,SYR,Syrian Arab Rep.,TUR,Turkey,FRA,France,590