,Year,Country of Origin (ISO),Country of Origin,Country of Resettlement (ISO),Country of Resettlement,Female 0-17,Female 18-59,Female 60+,Female (unknown age),Female Total,Male 0-17,Male 18-59,Male 60+,Male (unknown age),Male Total,Other/Unknown,Grand Total,Country of Origin Coordinates,Country of Resettlement Coordinates
0,2017,SYR,Syrian Arab Rep.,CHE,Switzerland,339.0,273.0,11.0,0.0,623.0,396.0,281.0,7.0,0.0,684.0,0.0,1307.0,,"[47.0, 8.0]"
1,2017,All others,All others,URY,Uruguay,2.0,6.0,0.0,0.0,8.0,3.0,4.0,1.0,0.0,8.0,0.0,16.0,,"[-33.0, -56.0]"
2,2017,All others,All others,AUS,Australia,134.0,167.0,6.0,0.0,307.0,108.0,154.0,2.0,0.0,264.0,0.0,571.0,,"[-27.0, 133.0]"
3,2017,AFG,Afghanistan,NZL,New Zealand,10.0,4.0,0.0,0.0,14.0,5.0,8.0,1.0,0.0,14.0,0.0,28.0,"[33.0, 65.0]","[-41.0, 174.0]"
4,2017,IRQ,Iraq,ITA,Italy,0.0,1.0,0.0,0.0,1.0,0.0,3.0,0.0,0.0,3.0,0.0,4.0,"[33.0, 44.0]","[42.8333, 12.8333]"
5,2017,SYR,Syrian Arab Rep.,CYP,Cyprus,1.0,2.0,0.0,0.0,3.0,1.0,1.0,1.0,0.0,3.0,0.0,6.0,,"[35.0, 33.0]"
6,2017,SOM,Somalia,AUS,Australia,25.0,72.0,3.0,0.0,100.0,32.0,39.0,0.0,0.0,71.0,0.0,171.0,"[10.0, 49.0]","[-27.0, 133.0]"
7,2017,COD,Dem. Rep. of the Congo,FRA,France,5.0,7.0,0.0,0.0,12.0,11.0,4.0,0.0,0.0,15.0,0.0,27.0,,"[46.0, 2.0]"
8,2017,All others,All others,CAN,Canada,240.0,205.0,9.0,0.0,454.0,242.0,208.0,5.0,0.0,455.0,0.0,909.0,,"[60.0, -95.0]"
9,2017,AFG,Afghanistan,FIN,Finland,2.0,1.0,1.0,0.0,4.0,3.0,4.0,0.0,0.0,7.0,0.0,11.0,"[33.0, 65.0]","[64.0, 26.0]"
10,2017,SYR,Syrian Arab Rep.,IRL,Ireland,81.0,64.0,1.0,0.0,146.0,88.0,68.0,1.0,0.0,157.0,0.0,303.0,,"[53.0, -8.0]"
11,2017,SDN,Sudan,NLD,Netherlands,1.0,2.0,0.0,0.0,3.0,4.0,0.0,0.0,0.0,4.0,0.0,7.0,"[15.0, 30.0]","[52.5, 5.75]"
12,2017,SDN,Sudan,CAN,Canada,54.0,50.0,5.0,0.0,109.0,68.0,67.0,1.0,0.0,136.0,0.0,245.0,"[15.0, 30.0]","[60.0, -95.0]"
13,2017,SYR,Syrian Arab Rep.,ESP,Spain,334.0,279.0,4.0,0.0,617.0,448.0,297.0,7.0,0.0,752.0,0.0,1369.0,,"[40.0, -4.0]"
14,2017,SYR,Syrian Arab Rep.,AUS,Australia,20.0,21.0,1.0,0.0,42.0,19.0,20.0,0.0,0.0,39.0,0.0,81.0,,"[-27.0, 133.0]"
15,2017,IRN,Iran (Islamic Rep. of),AUS,Australia,2.0,14.0,0.0,0.0,16.0,3.0,9.0,0.0,0.0,12.0,0.0,28.0,,"[-27.0, 133.0]"
16,2017,SOM,Somalia,CAN,Canada,88.0,95.0,4.0,0.0,187.0,99.0,68.0,2.0,0.0,169.0,0.0,356.0,"[10.0, 49.0]","[60.0, -95.0]"
17,2017,All others,All others,EST,Estonia,2.0,2.0,0.0,0.0,4.0,1.0,1.0,0.0,0.0,2.0,0.0,6.0,,"[59.0, 26.0]"
18,2017,SYR,Syrian Arab Rep.,PRT,Portugal,63.0,37.0,1.0,0.0,101.0,76.0,44.0,0.0,0.0,120.0,0.0,221.0,,"[39.5, -8.0]"
19,2017,SYR,Syrian Arab Rep.,BEL,Belgium,294.0,315.0,15.0,0.0,624.0,417.0,308.0,8.0,0.0,733.0,0.0,1357.0,,"[50.8333, 4.0]"
20,2017,IRN,Iran (Islamic Rep. of),NZL,New Zealand,1.0,3.0,0.0,0.0,4.0,2.0,4.0,0.0,0.0,6.0,0.0,10.0,,"[-41.0, 174.0]"
21,2017,SOM,Somalia,DEU,Germany,1.0,3.0,0.0,0.0,4.0,0.0,4.0,0.0,0.0,4.0,0.0,8.0,"[10.0, 49.0]","[51.0, 9.0]"
22,2017,All others,All others,ISL,Iceland,3.0,6.0,0.0,0.0,9.0,0.0,5.0,0.0,0.0,5.0,0.0,14.0,,"[65.0, -18.0]"
23,2017,BTN,Bhutan,USA,United States of America,32.0,5.0,1.0,0.0,38.0,42.0,54.0,4.0,0.0,100.0,0.0,138.0,"[27.5, 90.5]",
24,2017,SYR,Syrian Arab Rep.,LTU,Lithuania,44.0,42.0,2.0,0.0,88.0,58.0,43.0,2.0,0.0,103.0,0.0,191.0,,"[56.0, 24.0]"
25,2017,SDN,Sudan,FIN,Finland,6.0,4.0,0.0,0.0,10.0,8.0,2.0,0.0,0.0,10.0,0.0,20.0,"[15.0, 30.0]","[64.0, 26.0]"
26,2017,MMR,Myanmar,NZL,New Zealand,31.0,31.0,4.0,0.0,66.0,43.0,65.0,3.0,0.0,111.0,0.0,177.0,"[22.0, 98.0]","[-41.0, 174.0]"
27,2017,IRQ,Iraq,GBR,United Kingdom of Great Britain and Northern Ireland,167.0,184.0,8.0,0.0,359.0,171.0,114.0,6.0,0.0,291.0,0.0,650.0,"[33.0, 44.0]",
28,2017,IRN,Iran (Islamic Rep. of),USA,United States of America,51.0,184.0,13.0,0.0,248.0,72.0,293.0,14.0,0.0,379.0,0.0,627.0,,
29,2017,SOM,Somalia,PRT,Portugal,0.0,1.0,0.0,0.0,1.0,0.0,0.0,0.0,0.0,0.0,0.0,1.0,"[10.0, 49.0]","[39.5, -8.0]"
30,2017,IRN,Iran (Islamic Rep. of),FIN,Finland,0.0,1.0,0.0,0.0,1.0,0.0,0.0,0.0,0.0,0.0,0.0,1.0,,"[64.0, 26.0]"
31,2017,SOM,Somalia,FIN,Finland,7.0,4.0,0.0,0.0,11.0,1.0,2.0,0.0,0.0,3.0,0.0,14.0,"[10.0, 49.0]","[64.0, 26.0]"
32,2017,ERI,Eritrea,NZL,New Zealand,0.0,0.0,0.0,0.0,0.0,2.0,0.0,0.0,0.0,2.0,0.0,2.0,"[15.0, 39.0]","[-41.0, 174.0]"
33,2017,COD,Dem. Rep. of the Congo,NZL,New Zealand,0.0,1.0,0.0,0.0,1.0,1.0,1.0,0.0,0.0,2.0,0.0,3.0,,"[-41.0, 174.0]"
34,2017,All others,All others,NLD,Netherlands,11.0,14.0,0.0,0.0,25.0,16.0,16.0,0.0,0.0,32.0,0.0,57.0,,"[52.5, 5.75]"
35,2017,IRQ,Iraq,IRL,Ireland,0.0,2.0,0.0,0.0,2.0,0.0,3.0,0.0,0.0,3.0,0.0,5.0,"[33.0, 44.0]","[53.0, -8.0]"
36,2017,COD,Dem. Rep. of the Congo,SWE,Sweden,255.0,232.0,13.0,0.0,500.0,221.0,164.0,3.0,0.0,388.0,0.0,888.0,,"[62.0, 15.0]"
37,2017,All others,All others,SWE,Sweden,157.0,158.0,8.0,0.0,323.0,153.0,131.0,10.0,0.0,294.0,0.0,617.0,,"[62.0, 15.0]"
38,2017,SYR,Syrian Arab Rep.,NLD,Netherlands,699.0,611.0,39.0,0.0,1349.0,780.0,672.0,34.0,0.0,1486.0,0.0,2835.0,,"[52.5, 5.75]"
39,2017,IRQ,Iraq,ISL,Iceland,13.0,7.0,1.0,0.0,21.0,7.0,7.0,1.0,0.0,15.0,0.0,36.0,"[33.0, 44.0]","[65.0, -18.0]"
40,2017,SYR,Syrian Arab Rep.,CHL,Chile,20.0,22.0,0.0,0.0,42.0,29.0,24.0,0.0,0.0,53.0,0.0,95.0,,"[-30.0, -71.0]"
41,2017,IRQ,Iraq,CAN,Canada,80.0,104.0,16.0,0.0,200.0,91.0,99.0,11.0,0.0,201.0,0.0,401.0,"[33.0, 44.0]","[60.0, -95.0]"
42,2017,All others,All others,BRA,Brazil,0.0,0.0,0.0,0.0,0.0,0.0,2.0,0.0,0.0,2.0,0.0,2.0,,"[-10.0, -55.0]"
43,2017,AFG,Afghanistan,SWE,Sweden,56.0,126.0,7.0,0.0,189.0,94.0,23.0,2.0,0.0,119.0,0.0,308.0,"[33.0, 65.0]","[62.0, 15.0]"
44,2017,SDN,Sudan,BEL,Belgium,1.0,0.0,0.0,0.0,1.0,0.0,0.0,0.0,0.0,0.0,0.0,1.0,"[15.0, 30.0]","[50.8333, 4.0]"
45,2017,IRQ,Iraq,NLD,Netherlands,1.0,1.0,0.0,0.0,2.0,1.0,6.0,0.0,0.0,7.0,0.0,9.0,"[33.0, 44.0]","[52.5, 5.75]"
46,2017,IRQ,Iraq,DEU,Germany,2.0,3.0,0.0,0.0,5.0,3.0,2.0,0.0,0.0,5.0,0.0,10.0,"[33.0, 44.0]","[51.0, 9.0]"
47,2017,IRN,Iran (Islamic Rep. of),NLD,Netherlands,0.0,1.0,0.0,0.0,1.0,0.0,2.0,0.0,0.0,2.0,0.0,3.0,,"[52.5, 5.75]"
48,2017,SOM,Somalia,NLD,Netherlands,3.0,2.0,0.0,0.0,5.0,2.0,0.0,0.0,0.0,2.0,0.0,7.0,"[10.0, 49.0]","[52.5, 5.75]"
49,2017,COD,Dem. Rep. of the Congo,GBR,United Kingdom of Great Britain and Northern Ireland,55.0,82.0,4.0,0.0,141.0,62.0,59.0,1.0,0.0,122.0,0.0,263.0,,
50,2017,All others,All others,ESP,Spain,0.0,1.0,0.0,0.0,1.0,2.0,1.0,0.0,0.0,3.0,0.0,4.0,,"[40.0, -4.0]"
51,2017,AFG,Afghanistan,FRA,France,0.0,1.0,0.0,0.0,1.0,1.0,0.0,0.0,0.0,1.0,0.0,2.0,"[33.0, 65.0]","[46.0, 2.0]"
52,2017,SYR,Syrian Arab Rep.,ISL,Iceland,4.0,4.0,0.0,0.0,8.0,8.0,5.0,0.0,0.0,13.0,0.0,21.0,,"[65.0, -18.0]"
53,2017,SDN,Sudan,NOR,Norway,6.0,4.0,0.0,0.0,10.0,6.0,3.0,0.0,0.0,9.0,0.0,19.0,"[15.0, 30.0]","[62.0, 10.0]"
54,2017,SDN,Sudan,CHE,Switzerland,2.0,4.0,0.0,0.0,6.0,3.0,0.0,0.0,0.0,3.0,0.0,9.0,"[15.0, 30.0]","[47.0, 8.0]"
55,2017,MMR,Myanmar,KOR,Rep. of Korea,9.0,8.0,0.0,0.0,17.0,17.0,8.0,0.0,0.0,25.0,0.0,42.0,"[22.0, 98.0]",
56,2017,SYR,Syrian Arab Rep.,EST,Estonia,33.0,34.0,3.0,0.0,70.0,38.0,34.0,1.0,0.0,73.0,0.0,143.0,,"[59.0, 26.0]"
57,2017,IRQ,Iraq,FIN,Finland,1.0,2.0,0.0,0.0,3.0,1.0,1.0,0.0,0.0,2.0,0.0,5.0,"[33.0, 44.0]","[64.0, 26.0]"
58,2017,SYR,Syrian Arab Rep.,AUT,Austria,63.0,63.0,1.0,0.0,127.0,67.0,57.0,2.0,0.0,126.0,0.0,253.0,,"[47.3333, 13.3333]"
59,2017,IRN,Iran (Islamic Rep. of),CAN,Canada,12.0,26.0,0.0,0.0,38.0,7.0,18.0,1.0,0.0,26.0,0.0,64.0,,"[60.0, -95.0]"
60,2017,COD,Dem. Rep. of the Congo,NLD,Netherlands,51.0,46.0,2.0,0.0,99.0,47.0,35.0,1.0,0.0,83.0,0.0,182.0,,"[52.5, 5.75]"
61,2017,All others,All others,GBR,United Kingdom of Great Britain and Northern Ireland,65.0,100.0,4.0,0.0,169.0,89.0,64.0,6.0,0.0,159.0,0.0,328.0,,
62,2017,SYR,Syrian Arab Rep.,ROU,Romania,13.0,8.0,0.0,0.0,21.0,13.0,14.0,0.0,0.0,27.0,0.0,48.0,,"[46.0, 25.0]"
63,2017,All others,All others,LTU,Lithuania,1.0,4.0,1.0,0.0,6.0,0.0,2.0,1.0,0.0,3.0,0.0,9.0,,"[56.0, 24.0]"
64,2017,SYR,Syrian Arab Rep.,LVA,Latvia,12.0,14.0,0.0,0.0,26.0,25.0,14.0,0.0,0.0,39.0,0.0,65.0,,"[57.0, 25.0]"
65,2017,SDN,Sudan,FRA,France,82.0,74.0,7.0,0.0,163.0,86.0,73.0,3.0,0.0,162.0,0.0,325.0,"[15.0, 30.0]","[46.0, 2.0]"
66,2017,MMR,Myanmar,SWE,Sweden,1.0,1.0,0.0,0.0,2.0,2.0,1.0,0.0,0.0,3.0,0.0,5.0,"[22.0, 98.0]","[62.0, 15.0]"
67,2017,IRQ,Iraq,USA,United States of America,362.0,391.0,42.0,0.0,795.0,439.0,437.0,27.0,0.0,903.0,0.0,1698.0,"[33.0, 44.0]",
68,2017,IRQ,Iraq,AUS,Australia,3.0,14.0,1.0,0.0,18.0,18.0,10.0,1.0,0.0,29.0,0.0,47.0,"[33.0, 44.0]","[-27.0, 133.0]"
69,2017,SOM,Somalia,SWE,Sweden,90.0,100.0,4.0,0.0,194.0,92.0,79.0,4.0,0.0,175.0,0.0,369.0,"[10.0, 49.0]","[62.0, 15.0]"
70,2017,SOM,Somalia,FRA,France,48.0,25.0,0.0,0.0,73.0,39.0,13.0,0.0,0.0,52.0,0.0,125.0,"[10.0, 49.0]","[46.0, 2.0]"
71,2017,ERI,Eritrea,PRT,Portugal,0.0,0.0,0.0,0.0,0.0,0.0,1.0,0.0,0.0,1.0,0.0,1.0,"[15.0, 39.0]","[39.5, -8.0]"
72,2017,ERI,Eritrea,FRA,France,4.0,16.0,0.0,0.0,20.0,7.0,6.0,2.0,0.0,15.0,0.0,35.0,"[15.0, 39.0]","[46.0, 2.0]"
73,2017,All others,All others,NZL,New Zealand,77.0,106.0,2.0,0.0,185.0,71.0,81.0,1.0,0.0,153.0,0.0,338.0,,"[-41.0, 174.0]"
74,2017,COD,Dem. Rep. of the Congo,CAN,Canada,28.0,38.0,4.0,0.0,70.0,36.0,20.0,2.0,0.0,58.0,0.0,128.0,,"[60.0, -95.0]"
75,2017,AFG,Afghanistan,AUS,Australia,193.0,203.0,11.0,0.0,407.0,173.0,238.0,8.0,0.0,419.0,0.0,826.0,"[33.0, 65.0]","[-27.0, 133.0]"
76,2017,SYR,Syrian Arab Rep.,GBR,United Kingdom of Great Britain and Northern Ireland,1585.0,1742.0,81.0,0.0,3408.0,1935.0,1638.0,91.0,0.0,3664.0,0.0,7072.0,,
77,2017,SDN,Sudan,GBR,United Kingdom of Great Britain and Northern Ireland,118.0,118.0,0.0,0.0,236.0,143.0,80.0,1.0,0.0,224.0,0.0,460.0,"[15.0, 30.0]",
78,2017,MMR,Myanmar,USA,United States of America,1042.0,1161.0,38.0,0.0,2241.0,1025.0,1367.0,28.0,0.0,2420.0,0.0,4661.0,"[22.0, 98.0]",
79,2017,MMR,Myanmar,AUS,Australia,64.0,77.0,3.0,0.0,144.0,70.0,99.0,2.0,0.0,171.0,0.0,315.0,"[22.0, 98.0]","[-27.0, 133.0]"
80,2017,SOM,Somalia,USA,United States of America,326.0,286.0,9.0,0.0,621.0,325.0,262.0,15.0,0.0,602.0,14.0,1237.0,"[10.0, 49.0]",
81,2017,SOM,Somalia,GBR,United Kingdom of Great Britain and Northern Ireland,68.0,89.0,6.0,0.0,163.0,72.0,32.0,0.0,0.0,104.0,0.0,267.0,"[10.0, 49.0]",
82,2017,ERI,Eritrea,SWE,Sweden,108.0,186.0,10.0,0.0,304.0,136.0,197.0,18.0,0.0,351.0,0.0,655.0,"[15.0, 39.0]","[62.0, 15.0]"
83,2017,ERI,Eritrea,GBR,United Kingdom of Great Britain and Northern Ireland,15.0,9.0,0.0,0.0,24.0,14.0,4.0,0.0,0.0,18.0,0.0,42.0,"[15.0, 39.0]",
84,2017,COD,Dem. Rep. of the Congo,USA,United States of America,2559.0,2243.0,185.0,0.0,4987.0,2493.0,2126.0,149.0,0.0,4768.0,4.0,9759.0,,
85,2017,All others,All others,BEL,Belgium,5.0,3.0,0.0,0.0,8.0,3.0,1.0,0.0,0.0,4.0,0.0,12.0,,"[50.8333, 4.0]"
86,2017,SYR,Syrian Arab Rep.,NOR,Norway,816.0,573.0,22.0,0.0,1411.0,1015.0,567.0,9.0,0.0,1591.0,0.0,3002.0,,"[62.0, 10.0]"
87,2017,IRQ,Iraq,MCO,Monaco,3.0,7.0,1.0,0.0,11.0,9.0,7.0,3.0,0.0,19.0,0.0,30.0,"[33.0, 44.0]","[43.7333, 7.4]"
88,2017,IRQ,Iraq,CHE,Switzerland,0.0,1.0,0.0,0.0,1.0,0.0,0.0,0.0,0.0,0.0,0.0,1.0,"[33.0, 44.0]","[47.0, 8.0]"
89,2017,IRN,Iran (Islamic Rep. of),LUX,Luxembourg,0.0,0.0,0.0,0.0,0.0,0.0,1.0,0.0,0.0,1.0,0.0,1.0,,"[49.75, 6.1667]"
90,2017,All others,All others,DEU,Germany,9.0,21.0,1.0,0.0,31.0,11.0,11.0,1.0,0.0,23.0,0.0,54.0,,"[51.0, 9.0]"
91,2017,AFG,Afghanistan,USA,United States of America,204.0,197.0,11.0,0.0,412.0,217.0,199.0,12.0,0.0,428.0,0.0,840.0,"[33.0, 65.0]",
92,2017,IRQ,Iraq,NOR,Norway,0.0,3.0,0.0,0.0,3.0,2.0,3.0,0.0,0.0,5.0,0.0,8.0,"[33.0, 44.0]","[62.0, 10.0]"
93,2017,IRN,Iran (Islamic Rep. of),NOR,Norway,0.0,1.0,0.0,0.0,1.0,0.0,0.0,0.0,0.0,0.0,0.0,1.0,,"[62.0, 10.0]"
94,2017,SOM,Somalia,NOR,Norway,2.0,2.0,0.0,0.0,4.0,4.0,1.0,0.0,0.0,5.0,0.0,9.0,"[10.0, 49.0]","[62.0, 10.0]"
95,2017,ERI,Eritrea,NLD,Netherlands,1.0,1.0,0.0,0.0,2.0,0.0,0.0,0.0,0.0,0.0,0.0,2.0,"[15.0, 39.0]","[52.5, 5.75]"
96,2017,All others,All others,FRA,France,124.0,107.0,3.0,0.0,234.0,112.0,112.0,1.0,1.0,226.0,0.0,460.0,,"[46.0, 2.0]"
97,2017,AFG,Afghanistan,GBR,United Kingdom of Great Britain and Northern Ireland,28.0,28.0,0.0,0.0,56.0,25.0,15.0,0.0,0.0,40.0,0.0,96.0,"[33.0, 65.0]",
98,2017,SDN,Sudan,PRT,Portugal,0.0,2.0,0.0,0.0,2.0,1.0,3.0,0.0,0.0,4.0,0.0,6.0,"[15.0, 30.0]","[39.5, -8.0]"
99,2017,MMR,Myanmar,NOR,Norway,1.0,1.0,0.0,0.0,2.0,2.0,1.0,0.0,0.0,3.0,0.0,5.0,"[22.0, 98.0]","[62.0, 10.0]"
100,2017,SYR,Syrian Arab Rep.,FIN,Finland,161.0,139.0,1.0,0.0,301.0,203.0,156.0,4.0,0.0,363.0,0.0,664.0,,"[64.0, 26.0]"
101,2017,IRN,Iran (Islamic Rep. of),DEU,Germany,1.0,1.0,0.0,0.0,2.0,2.0,0.0,0.0,0.0,2.0,0.0,4.0,,"[51.0, 9.0]"
102,2017,All others,All others,KOR,Rep. of Korea,0.0,0.0,0.0,0.0,0.0,0.0,24.0,0.0,0.0,24.0,0.0,24.0,,
103,2017,COD,Dem. Rep. of the Congo,AUS,Australia,354.0,291.0,14.0,0.0,659.0,360.0,275.0,12.0,0.0,647.0,0.0,1306.0,,"[-27.0, 133.0]"
104,2017,SYR,Syrian Arab Rep.,SWE,Sweden,715.0,598.0,43.0,0.0,1356.0,895.0,597.0,27.0,0.0,1519.0,0.0,2875.0,,"[62.0, 15.0]"
105,2017,AFG,Afghanistan,NLD,Netherlands,0.0,0.0,0.0,0.0,0.0,1.0,0.0,0.0,0.0,1.0,0.0,1.0,"[33.0, 65.0]","[52.5, 5.75]"
106,2017,SYR,Syrian Arab Rep.,LUX,Luxembourg,58.0,46.0,4.0,0.0,108.0,50.0,57.0,1.0,0.0,108.0,0.0,216.0,,"[49.75, 6.1667]"
107,2017,IRN,Iran (Islamic Rep. of),FRA,France,0.0,0.0,0.0,0.0,0.0,0.0,1.0,0.0,0.0,1.0,0.0,1.0,,"[46.0, 2.0]"
108,2017,SYR,Syrian Arab Rep.,USA,United States of America,1089.0,793.0,27.0,0.0,1909.0,1137.0,840.0,56.0,0.0,2033.0,0.0,3942.0,,
109,2017,AFG,Afghanistan,NOR,Norway,1.0,1.0,0.0,0.0,2.0,1.0,0.0,0.0,0.0,1.0,0.0,3.0,"[33.0, 65.0]","[62.0, 10.0]"
110,2017,SYR,Syrian Arab Rep.,MLT,Malta,4.0,4.0,0.0,0.0,8.0,2.0,1.0,0.0,0.0,3.0,0.0,11.0,,"[35.8333, 14.5833]"
111,2017,IRN,Iran (Islamic Rep. of),GBR,United Kingdom of Great Britain and Northern Ireland,5.0,12.0,0.0,0.0,17.0,13.0,10.0,0.0,0.0,23.0,0.0,40.0,,
112,2017,SDN,Sudan,USA,United States of America,220.0,177.0,4.0,0.0,401.0,265.0,217.0,4.0,0.0,486.0,0.0,887.0,"[15.0, 30.0]",
113,2017,All others,All others,USA,United States of America,436.0,598.0,21.0,0.0,1055.0,447.0,476.0,16.0,0.0,939.0,0.0,1994.0,,
114,2017,COD,Dem. Rep. of the Congo,FIN,Finland,51.0,38.0,0.0,0.0,89.0,54.0,37.0,0.0,0.0,91.0,0.0,180.0,,"[64.0, 26.0]"
115,2017,All others,All others,AUT,Austria,0.0,1.0,0.0,0.0,1.0,0.0,0.0,0.0,0.0,0.0,0.0,1.0,,"[47.3333, 13.3333]"
116,2017,AFG,Afghanistan,CAN,Canada,7.0,19.0,1.0,0.0,27.0,18.0,11.0,1.0,0.0,30.0,0.0,57.0,"[33.0, 65.0]","[60.0, -95.0]"
117,2017,SYR,Syrian Arab Rep.,HRV,Croatia,40.0,36.0,0.0,0.0,76.0,44.0,35.0,2.0,0.0,81.0,0.0,157.0,,"[45.1667, 15.5]"
118,2017,SDN,Sudan,AUS,Australia,5.0,5.0,0.0,0.0,10.0,10.0,23.0,0.0,0.0,33.0,0.0,43.0,"[15.0, 30.0]","[-27.0, 133.0]"
119,2017,MMR,Myanmar,CAN,Canada,22.0,22.0,3.0,0.0,47.0,25.0,25.0,5.0,0.0,55.0,0.0,102.0,"[22.0, 98.0]","[60.0, -95.0]"
120,2017,IRQ,Iraq,LUX,Luxembourg,0.0,0.0,0.0,0.0,0.0,0.0,2.0,0.0,0.0,2.0,0.0,2.0,"[33.0, 44.0]","[49.75, 6.1667]"
121,2017,SYR,Syrian Arab Rep.,DEU,Germany,869.0,924.0,97.0,0.0,1890.0,902.0,761.0,99.0,0.0,1762.0,0.0,3652.0,,"[51.0, 9.0]"
122,2017,SYR,Syrian Arab Rep.,ARG,Argentina,13.0,30.0,0.0,0.0,43.0,29.0,32.0,1.0,0.0,62.0,0.0,105.0,,"[-34.0, -64.0]"
123,2017,ERI,Eritrea,USA,United States of America,233.0,246.0,9.0,0.0,488.0,256.0,240.0,15.0,0.0,511.0,0.0,999.0,"[15.0, 39.0]",
124,2017,ERI,Eritrea,ITA,Italy,55.0,71.0,3.0,0.0,129.0,68.0,64.0,9.0,0.0,141.0,0.0,270.0,"[15.0, 39.0]","[42.8333, 12.8333]"
125,2017,ERI,Eritrea,AUS,Australia,81.0,118.0,1.0,0.0,200.0,80.0,99.0,7.0,0.0,186.0,0.0,386.0,"[15.0, 39.0]","[-27.0, 133.0]"
126,2017,All others,All others,CHE,Switzerland,3.0,5.0,0.0,0.0,8.0,5.0,1.0,1.0,0.0,7.0,0.0,15.0,,"[47.0, 8.0]"
127,2017,SYR,Syrian Arab Rep.,NZL,New Zealand,205.0,113.0,5.0,0.0,323.0,229.0,123.0,3.0,0.0,355.0,0.0,678.0,,"[-41.0, 174.0]"
128,2017,MMR,Myanmar,JPN,Japan,7.0,11.0,0.0,0.0,18.0,11.0,10.0,0.0,0.0,21.0,0.0,39.0,"[22.0, 98.0]","[36.0, 138.0]"
129,2017,ERI,Eritrea,CAN,Canada,129.0,143.0,7.0,0.0,279.0,124.0,115.0,11.0,0.0,250.0,0.0,529.0,"[15.0, 39.0]","[60.0, -95.0]"
130,2017,All others,All others,FIN,Finland,7.0,15.0,0.0,0.0,22.0,10.0,14.0,0.0,0.0,24.0,0.0,46.0,,"[64.0, 26.0]"
131,2017,BTN,Bhutan,AUS,Australia,0.0,0.0,0.0,0.0,0.0,1.0,0.0,0.0,0.0,1.0,0.0,1.0,"[27.5, 90.5]","[-27.0, 133.0]"
132,2017,SYR,Syrian Arab Rep.,ITA,Italy,249.0,222.0,5.0,0.0,476.0,343.0,242.0,1.0,0.0,586.0,0.0,1062.0,,"[42.8333, 12.8333]"
133,2017,SDN,Sudan,DEU,Germany,36.0,29.0,0.0,0.0,65.0,33.0,27.0,0.0,0.0,60.0,0.0,125.0,"[15.0, 30.0]","[51.0, 9.0]"
134,2017,IRQ,Iraq,NZL,New Zealand,4.0,14.0,1.0,0.0,19.0,9.0,22.0,3.0,0.0,34.0,0.0,53.0,"[33.0, 44.0]","[-41.0, 174.0]"
135,2017,IRQ,Iraq,FRA,France,4.0,6.0,1.0,0.0,11.0,5.0,9.0,0.0,0.0,14.0,0.0,25.0,"[33.0, 44.0]","[46.0, 2.0]"
136,2017,IRN,Iran (Islamic Rep. of),SWE,Sweden,1.0,1.0,0.0,0.0,2.0,0.0,3.0,0.0,0.0,3.0,0.0,5.0,,"[62.0, 15.0]"
137,2017,SOM,Somalia,NZL,New Zealand,6.0,7.0,1.0,0.0,14.0,2.0,4.0,0.0,0.0,6.0,0.0,20.0,"[10.0, 49.0]","[-41.0, 174.0]"
138,2017,ERI,Eritrea,NOR,Norway,3.0,1.0,0.0,0.0,4.0,3.0,1.0,0.0,0.0,4.0,0.0,8.0,"[15.0, 39.0]","[62.0, 10.0]"
139,2017,ERI,Eritrea,DEU,Germany,0.0,4.0,0.0,0.0,4.0,3.0,7.0,0.0,0.0,10.0,0.0,14.0,"[15.0, 39.0]","[51.0, 9.0]"
140,2017,COD,Dem. Rep. of the Congo,NOR,Norway,7.0,8.0,0.0,0.0,15.0,8.0,8.0,0.0,0.0,16.0,0.0,31.0,,"[62.0, 10.0]"
141,2017,All others,All others,ITA,Italy,6.0,21.0,0.0,0.0,27.0,16.0,11.0,2.0,0.0,29.0,0.0,56.0,,"[42.8333, 12.8333]"
142,2017,SYR,Syrian Arab Rep.,SVN,Slovenia,19.0,13.0,1.0,0.0,33.0,20.0,13.0,1.0,0.0,34.0,0.0,67.0,,"[46.0, 15.0]"
143,2017,SDN,Sudan,SWE,Sweden,43.0,41.0,3.0,0.0,87.0,40.0,49.0,1.0,0.0,90.0,0.0,177.0,"[15.0, 30.0]","[62.0, 15.0]"
144,2017,IRQ,Iraq,SWE,Sweden,9.0,18.0,4.0,0.0,31.0,10.0,14.0,1.0,0.0,25.0,0.0,56.0,"[33.0, 44.0]","[62.0, 15.0]"
145,2017,SYR,Syrian Arab Rep.,FRA,France,1033.0,898.0,37.0,0.0,1968.0,1259.0,948.0,32.0,0.0,2239.0,0.0,4207.0,,"[46.0, 2.0]"
146,2017,SYR,Syrian Arab Rep.,CAN,Canada,383.0,234.0,9.0,0.0,626.0,424.0,267.0,10.0,0.0,701.0,0.0,1327.0,,"[60.0, -95.0]"
147,2017,ERI,Eritrea,FIN,Finland,2.0,1.0,0.0,0.0,3.0,0.0,1.0,0.0,0.0,1.0,0.0,4.0,"[15.0, 39.0]","[64.0, 26.0]"
148,2017,All others,All others,NOR,Norway,14.0,12.0,0.0,0.0,26.0,16.0,8.0,0.0,0.0,24.0,0.0,50.0,,"[62.0, 10.0]"
149,2017,COD,Dem. Rep. of the Congo,BEL,Belgium,39.0,48.0,3.0,0.0,90.0,30.0,48.0,1.0,0.0,79.0,0.0,169.0,,"[50.8333, 4.0]"
150,2018,IRQ,Iraq,AUS,Australia,4.0,5.0,0.0,0.0,9.0,3.0,3.0,0.0,0.0,6.0,0.0,15.0,"[33.0, 44.0]","[-27.0, 133.0]"
151,2018,SOM,Somalia,SWE,Sweden,40.0,54.0,2.0,0.0,96.0,43.0,40.0,1.0,0.0,84.0,4.0,184.0,"[10.0, 49.0]","[62.0, 15.0]"
152,2018,SOM,Somalia,FRA,France,9.0,22.0,0.0,0.0,31.0,5.0,26.0,0.0,0.0,31.0,9.0,71.0,"[10.0, 49.0]","[46.0, 2.0]"
153,2018,ERI,Eritrea,PRT,Portugal,3.0,3.0,0.0,0.0,6.0,5.0,0.0,0.0,0.0,5.0,0.0,11.0,"[15.0, 39.0]","[39.5, -8.0]"
154,2018,ERI,Eritrea,FRA,France,7.0,57.0,0.0,0.0,64.0,7.0,221.0,0.0,0.0,228.0,31.0,323.0,"[15.0, 39.0]","[46.0, 2.0]"
155,2018,COD,Dem. Rep. of the Congo,SWE,Sweden,126.0,124.0,3.0,0.0,253.0,112.0,88.0,5.0,0.0,205.0,0.0,458.0,,"[62.0, 15.0]"
156,2018,SYR,Syrian Arab Rep.,NLD,Netherlands,546.0,535.0,23.0,0.0,1104.0,675.0,572.0,32.0,0.0,1279.0,0.0,2383.0,,"[52.5, 5.75]"
157,2018,IRQ,Iraq,CAN,Canada,197.0,298.0,36.0,0.0,531.0,198.0,290.0,30.0,0.0,518.0,0.0,1049.0,"[33.0, 44.0]","[60.0, -95.0]"
158,2018,IRN,Iran (Islamic Rep. of),ITA,Italy,0.0,3.0,0.0,0.0,3.0,0.0,0.0,0.0,0.0,0.0,0.0,3.0,,"[42.8333, 12.8333]"
159,2018,All others,All others,URY,Uruguay,4.0,6.0,0.0,0.0,10.0,2.0,6.0,0.0,0.0,8.0,0.0,18.0,,"[-33.0, -56.0]"
160,2018,All others,All others,BRA,Brazil,1.0,1.0,0.0,0.0,2.0,0.0,4.0,0.0,0.0,4.0,0.0,6.0,,"[-10.0, -55.0]"
161,2018,AFG,Afghanistan,SWE,Sweden,112.0,175.0,10.0,0.0,297.0,95.0,45.0,5.0,0.0,145.0,0.0,442.0,"[33.0, 65.0]","[62.0, 15.0]"
162,2018,IRQ,Iraq,NLD,Netherlands,2.0,4.0,0.0,0.0,6.0,3.0,3.0,0.0,0.0,6.0,0.0,12.0,"[33.0, 44.0]","[52.5, 5.75]"
163,2018,IRN,Iran (Islamic Rep. of),NLD,Netherlands,0.0,3.0,0.0,0.0,3.0,0.0,0.0,0.0,0.0,0.0,0.0,3.0,,"[52.5, 5.75]"
164,2018,SOM,Somalia,NLD,Netherlands,5.0,11.0,2.0,0.0,18.0,3.0,7.0,0.0,0.0,10.0,0.0,28.0,"[10.0, 49.0]","[52.5, 5.75]"
165,2018,ERI,Eritrea,MLT,Malta,0.0,4.0,0.0,0.0,4.0,1.0,0.0,0.0,0.0,1.0,0.0,5.0,"[15.0, 39.0]","[35.8333, 14.5833]"
166,2018,ERI,Eritrea,BEL,Belgium,2.0,13.0,0.0,0.0,15.0,4.0,14.0,0.0,0.0,18.0,1.0,34.0,"[15.0, 39.0]","[50.8333, 4.0]"
167,2018,All others,All others,ESP,Spain,0.0,0.0,1.0,0.0,1.0,0.0,1.0,0.0,0.0,1.0,0.0,2.0,,"[40.0, -4.0]"
168,2018,COD,Dem. Rep. of the Congo,GBR,United Kingdom of Great Britain and Northern Ireland,37.0,47.0,4.0,0.0,88.0,34.0,40.0,1.0,0.0,75.0,0.0,163.0,,
169,2018,AFG,Afghanistan,FRA,France,2.0,2.0,0.0,0.0,4.0,2.0,6.0,0.0,0.0,8.0,0.0,12.0,"[33.0, 65.0]","[46.0, 2.0]"
170,2018,SYR,Syrian Arab Rep.,ISL,Iceland,9.0,13.0,0.0,0.0,22.0,27.0,12.0,0.0,0.0,39.0,0.0,61.0,,"[65.0, -18.0]"
171,2018,SDN,Sudan,NOR,Norway,30.0,31.0,2.0,0.0,63.0,38.0,27.0,0.0,0.0,65.0,0.0,128.0,"[15.0, 30.0]","[62.0, 10.0]"
172,2018,SDN,Sudan,CHE,Switzerland,0.0,1.0,0.0,0.0,1.0,3.0,1.0,0.0,0.0,4.0,0.0,5.0,"[15.0, 30.0]","[47.0, 8.0]"
173,2018,MMR,Myanmar,KOR,Rep. of Korea,14.0,21.0,2.0,0.0,37.0,14.0,27.0,0.0,0.0,41.0,0.0,78.0,"[22.0, 98.0]",
174,2018,SYR,Syrian Arab Rep.,EST,Estonia,22.0,17.0,1.0,0.0,40.0,30.0,18.0,0.0,0.0,48.0,0.0,88.0,,"[59.0, 26.0]"
175,2018,IRN,Iran (Islamic Rep. of),CAN,Canada,26.0,98.0,3.0,0.0,127.0,26.0,95.0,5.0,0.0,126.0,0.0,253.0,,"[60.0, -95.0]"
176,2018,ERI,Eritrea,CHE,Switzerland,2.0,39.0,1.0,0.0,42.0,9.0,12.0,0.0,0.0,21.0,6.0,69.0,"[15.0, 39.0]","[47.0, 8.0]"
177,2018,All others,All others,ISL,Iceland,1.0,4.0,0.0,0.0,5.0,1.0,14.0,0.0,0.0,15.0,0.0,20.0,,"[65.0, -18.0]"
178,2018,COD,Dem. Rep. of the Congo,NLD,Netherlands,51.0,47.0,0.0,0.0,98.0,56.0,34.0,2.0,0.0,92.0,0.0,190.0,,"[52.5, 5.75]"
179,2018,All others,All others,NOR,Norway,29.0,19.0,1.0,0.0,49.0,26.0,18.0,0.0,0.0,44.0,0.0,93.0,,"[62.0, 10.0]"
180,2018,SYR,Syrian Arab Rep.,LVA,Latvia,1.0,1.0,0.0,0.0,2.0,1.0,1.0,0.0,0.0,2.0,0.0,4.0,,"[57.0, 25.0]"
181,2018,SDN,Sudan,FRA,France,204.0,187.0,10.0,0.0,401.0,210.0,174.0,11.0,0.0,395.0,11.0,807.0,"[15.0, 30.0]","[46.0, 2.0]"
182,2018,MMR,Myanmar,SWE,Sweden,2.0,0.0,0.0,0.0,2.0,0.0,0.0,0.0,0.0,0.0,0.0,2.0,"[22.0, 98.0]","[62.0, 15.0]"
183,2018,IRQ,Iraq,USA,United States of America,172.0,264.0,35.0,0.0,471.0,188.0,285.0,31.0,0.0,504.0,0.0,975.0,"[33.0, 44.0]",
184,2018,COD,Dem. Rep. of the Congo,CAN,Canada,393.0,321.0,23.0,0.0,737.0,396.0,299.0,18.0,0.0,713.0,0.0,1450.0,,"[60.0, -95.0]"
185,2018,AFG,Afghanistan,AUS,Australia,12.0,24.0,1.0,0.0,37.0,16.0,13.0,2.0,0.0,31.0,0.0,68.0,"[33.0, 65.0]","[-27.0, 133.0]"
186,2018,SYR,Syrian Arab Rep.,GBR,United Kingdom of Great Britain and Northern Ireland,975.0,974.0,50.0,0.0,1999.0,1129.0,920.0,31.0,0.0,2080.0,0.0,4079.0,,
187,2018,SDN,Sudan,GBR,United Kingdom of Great Britain and Northern Ireland,107.0,87.0,2.0,0.0,196.0,124.0,63.0,1.0,0.0,188.0,0.0,384.0,"[15.0, 30.0]",
188,2018,MMR,Myanmar,USA,United States of America,543.0,449.0,11.0,0.0,1003.0,661.0,493.0,8.0,0.0,1162.0,0.0,2165.0,"[22.0, 98.0]",
189,2018,MMR,Myanmar,AUS,Australia,61.0,75.0,5.0,0.0,141.0,74.0,78.0,2.0,0.0,154.0,0.0,295.0,"[22.0, 98.0]","[-27.0, 133.0]"
190,2018,SOM,Somalia,USA,United States of America,71.0,53.0,1.0,0.0,125.0,80.0,36.0,1.0,0.0,117.0,0.0,242.0,"[10.0, 49.0]",
191,2018,SOM,Somalia,GBR,United Kingdom of Great Britain and Northern Ireland,68.0,89.0,1.0,0.0,158.0,87.0,47.0,2.0,0.0,136.0,1.0,295.0,"[10.0, 49.0]",
192,2018,ERI,Eritrea,SWE,Sweden,96.0,157.0,4.0,0.0,257.0,130.0,310.0,4.0,0.0,444.0,5.0,706.0,"[15.0, 39.0]","[62.0, 15.0]"
193,2018,ERI,Eritrea,GBR,United Kingdom of Great Britain and Northern Ireland,46.0,41.0,2.0,0.0,89.0,61.0,20.0,2.0,0.0,83.0,3.0,175.0,"[15.0, 39.0]",
194,2018,All others,All others,SWE,Sweden,145.0,163.0,6.0,0.0,314.0,157.0,152.0,0.0,0.0,309.0,52.0,675.0,,"[62.0, 15.0]"
195,2018,COD,Dem. Rep. of the Congo,USA,United States of America,4208.0,3499.0,226.0,0.0,7933.0,4256.0,3299.0,200.0,0.0,7755.0,0.0,15688.0,,
196,2018,All others,All others,BEL,Belgium,3.0,2.0,0.0,0.0,5.0,1.0,2.0,0.0,0.0,3.0,5.0,13.0,,"[50.8333, 4.0]"
197,2018,SYR,Syrian Arab Rep.,NOR,Norway,303.0,273.0,7.0,0.0,583.0,391.0,230.0,8.0,0.0,629.0,0.0,1212.0,,"[62.0, 10.0]"
198,2018,SOM,Somalia,BEL,Belgium,1.0,4.0,0.0,0.0,5.0,3.0,4.0,0.0,0.0,7.0,0.0,12.0,"[10.0, 49.0]","[50.8333, 4.0]"
199,2018,All others,All others,DEU,Germany,6.0,7.0,1.0,0.0,14.0,0.0,4.0,1.0,0.0,5.0,2.0,21.0,,"[51.0, 9.0]"
200,2018,AFG,Afghanistan,USA,United States of America,610.0,745.0,33.0,0.0,1388.0,673.0,655.0,32.0,0.0,1360.0,0.0,2748.0,"[33.0, 65.0]",
201,2018,IRQ,Iraq,NOR,Norway,2.0,3.0,0.0,0.0,5.0,4.0,1.0,0.0,0.0,5.0,0.0,10.0,"[33.0, 44.0]","[62.0, 10.0]"
202,2018,IRN,Iran (Islamic Rep. of),NOR,Norway,0.0,3.0,0.0,0.0,3.0,0.0,1.0,0.0,0.0,1.0,0.0,4.0,,"[62.0, 10.0]"
203,2018,SOM,Somalia,NOR,Norway,2.0,1.0,0.0,0.0,3.0,2.0,0.0,0.0,0.0,2.0,0.0,5.0,"[10.0, 49.0]","[62.0, 10.0]"
204,2018,SOM,Somalia,CHE,Switzerland,0.0,7.0,0.0,0.0,7.0,0.0,1.0,0.0,0.0,1.0,2.0,10.0,"[10.0, 49.0]","[47.0, 8.0]"
205,2018,ERI,Eritrea,NLD,Netherlands,5.0,11.0,1.0,0.0,17.0,7.0,29.0,0.0,0.0,36.0,0.0,53.0,"[15.0, 39.0]","[52.5, 5.75]"
206,2018,All others,All others,GBR,United Kingdom of Great Britain and Northern Ireland,88.0,116.0,10.0,0.0,214.0,112.0,91.0,3.0,0.0,206.0,1.0,421.0,,
207,2018,AFG,Afghanistan,GBR,United Kingdom of Great Britain and Northern Ireland,39.0,64.0,3.0,0.0,106.0,40.0,35.0,1.0,0.0,76.0,0.0,182.0,"[33.0, 65.0]",
208,2018,SDN,Sudan,PRT,Portugal,13.0,12.0,0.0,0.0,25.0,9.0,11.0,0.0,0.0,20.0,0.0,45.0,"[15.0, 30.0]","[39.5, -8.0]"
209,2018,IRQ,Iraq,PRT,Portugal,18.0,39.0,1.0,0.0,58.0,21.0,29.0,0.0,0.0,50.0,0.0,108.0,"[33.0, 44.0]","[39.5, -8.0]"
210,2018,SYR,Syrian Arab Rep.,FIN,Finland,176.0,132.0,3.0,0.0,311.0,162.0,151.0,4.0,0.0,317.0,0.0,628.0,,"[64.0, 26.0]"
211,2018,SYR,Syrian Arab Rep.,BGR,Bulgaria,24.0,10.0,1.0,0.0,35.0,20.0,11.0,0.0,0.0,31.0,0.0,66.0,,"[43.0, 25.0]"
212,2018,All others,All others,NLD,Netherlands,15.0,23.0,0.0,0.0,38.0,20.0,19.0,0.0,0.0,39.0,0.0,77.0,,"[52.5, 5.75]"
213,2018,COD,Dem. Rep. of the Congo,AUS,Australia,689.0,485.0,20.0,0.0,1194.0,709.0,458.0,16.0,0.0,1183.0,0.0,2377.0,,"[-27.0, 133.0]"
214,2018,SYR,Syrian Arab Rep.,SWE,Sweden,525.0,464.0,44.0,0.0,1033.0,638.0,456.0,24.0,0.0,1118.0,0.0,2151.0,,"[62.0, 15.0]"
215,2018,AFG,Afghanistan,NLD,Netherlands,0.0,1.0,0.0,0.0,1.0,0.0,0.0,0.0,0.0,0.0,0.0,1.0,"[33.0, 65.0]","[52.5, 5.75]"
216,2018,IRN,Iran (Islamic Rep. of),FRA,France,0.0,0.0,0.0,0.0,0.0,0.0,1.0,0.0,0.0,1.0,0.0,1.0,,"[46.0, 2.0]"
217,2018,SDN,Sudan,SWE,Sweden,59.0,62.0,1.0,0.0,122.0,69.0,61.0,2.0,0.0,132.0,0.0,254.0,"[15.0, 30.0]","[62.0, 15.0]"
218,2018,SYR,Syrian Arab Rep.,USA,United States of America,28.0,17.0,1.0,0.0,46.0,26.0,13.0,0.0,0.0,39.0,0.0,85.0,,
219,2018,AFG,Afghanistan,NOR,Norway,0.0,1.0,0.0,0.0,1.0,0.0,2.0,0.0,0.0,2.0,0.0,3.0,"[33.0, 65.0]","[62.0, 10.0]"
220,2018,IRQ,Iraq,BEL,Belgium,0.0,1.0,0.0,0.0,1.0,0.0,0.0,0.0,0.0,0.0,0.0,1.0,"[33.0, 44.0]","[50.8333, 4.0]"
221,2018,IRN,Iran (Islamic Rep. of),GBR,United Kingdom of Great Britain and Northern Ireland,4.0,7.0,0.0,0.0,11.0,6.0,7.0,0.0,0.0,13.0,0.0,24.0,,
222,2018,SDN,Sudan,USA,United States of America,160.0,95.0,1.0,0.0,256.0,172.0,78.0,5.0,0.0,255.0,0.0,511.0,"[15.0, 30.0]",
223,2018,All others,All others,PRT,Portugal,16.0,26.0,0.0,0.0,42.0,26.0,12.0,1.0,0.0,39.0,0.0,81.0,,"[39.5, -8.0]"
224,2018,All others,All others,AUS,Australia,310.0,292.0,7.0,0.0,609.0,295.0,261.0,10.0,0.0,566.0,0.0,1175.0,,"[-27.0, 133.0]"
225,2018,COD,Dem. Rep. of the Congo,FIN,Finland,35.0,34.0,1.0,0.0,70.0,35.0,35.0,2.0,0.0,72.0,0.0,142.0,,"[64.0, 26.0]"
226,2018,AFG,Afghanistan,CAN,Canada,70.0,82.0,7.0,0.0,159.0,64.0,94.0,8.0,0.0,166.0,0.0,325.0,"[33.0, 65.0]","[60.0, -95.0]"
227,2018,SYR,Syrian Arab Rep.,HRV,Croatia,85.0,73.0,1.0,0.0,159.0,87.0,83.0,1.0,0.0,171.0,0.0,330.0,,"[45.1667, 15.5]"
228,2018,SDN,Sudan,ITA,Italy,8.0,3.0,0.0,0.0,11.0,7.0,11.0,0.0,0.0,18.0,0.0,29.0,"[15.0, 30.0]","[42.8333, 12.8333]"
229,2018,SDN,Sudan,AUS,Australia,4.0,2.0,0.0,0.0,6.0,0.0,1.0,0.0,0.0,1.0,0.0,7.0,"[15.0, 30.0]","[-27.0, 133.0]"
230,2018,MMR,Myanmar,CAN,Canada,63.0,67.0,3.0,0.0,133.0,84.0,76.0,1.0,0.0,161.0,0.0,294.0,"[22.0, 98.0]","[60.0, -95.0]"
231,2018,SYR,Syrian Arab Rep.,DEU,Germany,1013.0,890.0,66.0,0.0,1969.0,1096.0,810.0,53.0,0.0,1959.0,0.0,3928.0,,"[51.0, 9.0]"
232,2018,SYR,Syrian Arab Rep.,ARG,Argentina,3.0,1.0,0.0,0.0,4.0,4.0,1.0,0.0,0.0,5.0,0.0,9.0,,"[-34.0, -64.0]"
233,2018,ERI,Eritrea,USA,United States of America,459.0,411.0,11.0,0.0,881.0,573.0,418.0,14.0,0.0,1005.0,0.0,1886.0,"[15.0, 39.0]",
234,2018,ERI,Eritrea,ITA,Italy,0.0,3.0,0.0,0.0,3.0,1.0,6.0,0.0,0.0,7.0,0.0,10.0,"[15.0, 39.0]","[42.8333, 12.8333]"
235,2018,ERI,Eritrea,AUS,Australia,56.0,52.0,0.0,0.0,108.0,65.0,29.0,0.0,0.0,94.0,0.0,202.0,"[15.0, 39.0]","[-27.0, 133.0]"
236,2018,All others,All others,CHE,Switzerland,0.0,1.0,0.0,0.0,1.0,0.0,0.0,1.0,0.0,1.0,0.0,2.0,,"[47.0, 8.0]"
237,2018,SYR,Syrian Arab Rep.,NZL,New Zealand,71.0,45.0,2.0,0.0,118.0,70.0,50.0,2.0,0.0,122.0,0.0,240.0,,"[-41.0, 174.0]"
238,2018,MMR,Myanmar,JPN,Japan,9.0,8.0,1.0,0.0,18.0,8.0,11.0,0.0,0.0,19.0,0.0,37.0,"[22.0, 98.0]","[36.0, 138.0]"
239,2018,ERI,Eritrea,CAN,Canada,27.0,58.0,3.0,0.0,88.0,24.0,107.0,3.0,0.0,134.0,27.0,249.0,"[15.0, 39.0]","[60.0, -95.0]"
240,2018,All others,All others,FRA,France,154.0,152.0,7.0,0.0,313.0,158.0,137.0,7.0,0.0,302.0,118.0,733.0,,"[46.0, 2.0]"
241,2018,COD,Dem. Rep. of the Congo,ISL,Iceland,0.0,1.0,0.0,0.0,1.0,0.0,2.0,0.0,0.0,2.0,0.0,3.0,,"[65.0, -18.0]"
242,2018,BTN,Bhutan,AUS,Australia,0.0,0.0,0.0,0.0,0.0,1.0,0.0,0.0,0.0,1.0,0.0,1.0,"[27.5, 90.5]","[-27.0, 133.0]"
243,2018,SYR,Syrian Arab Rep.,ITA,Italy,130.0,101.0,0.0,0.0,231.0,144.0,108.0,1.0,0.0,253.0,0.0,484.0,,"[42.8333, 12.8333]"
244,2018,IRQ,Iraq,NZL,New Zealand,2.0,3.0,0.0,0.0,5.0,0.0,4.0,0.0,0.0,4.0,0.0,9.0,"[33.0, 44.0]","[-41.0, 174.0]"
245,2018,IRQ,Iraq,FRA,France,2.0,7.0,0.0,0.0,9.0,2.0,6.0,0.0,0.0,8.0,0.0,17.0,"[33.0, 44.0]","[46.0, 2.0]"
246,2018,IRN,Iran (Islamic Rep. of),SWE,Sweden,2.0,7.0,0.0,0.0,9.0,1.0,11.0,0.0,0.0,12.0,0.0,21.0,,"[62.0, 15.0]"
247,2018,SOM,Somalia,NZL,New Zealand,6.0,4.0,1.0,0.0,11.0,3.0,4.0,0.0,0.0,7.0,0.0,18.0,"[10.0, 49.0]","[-41.0, 174.0]"
248,2018,ERI,Eritrea,NOR,Norway,10.0,21.0,0.0,0.0,31.0,9.0,13.0,0.0,0.0,22.0,0.0,53.0,"[15.0, 39.0]","[62.0, 10.0]"
249,2018,ERI,Eritrea,DEU,Germany,19.0,79.0,0.0,0.0,98.0,45.0,133.0,0.0,0.0,178.0,5.0,281.0,"[15.0, 39.0]","[51.0, 9.0]"
250,2018,All others,All others,KOR,Rep. of Korea,0.0,0.0,0.0,0.0,0.0,0.0,12.0,0.0,0.0,12.0,0.0,12.0,,
251,2018,COD,Dem. Rep. of the Congo,NOR,Norway,310.0,303.0,10.0,0.0,623.0,343.0,238.0,7.0,0.0,588.0,0.0,1211.0,,"[62.0, 10.0]"
252,2018,IRQ,Iraq,SWE,Sweden,14.0,23.0,5.0,0.0,42.0,17.0,14.0,1.0,0.0,32.0,0.0,74.0,"[33.0, 44.0]","[62.0, 15.0]"
253,2018,IRQ,Iraq,GBR,United Kingdom of Great Britain and Northern Ireland,121.0,150.0,12.0,0.0,283.0,153.0,116.0,11.0,0.0,280.0,0.0,563.0,"[33.0, 44.0]",
254,2018,SYR,Syrian Arab Rep.,FRA,France,753.0,610.0,29.0,0.0,1392.0,895.0,635.0,20.0,0.0,1550.0,1.0,2943.0,,"[46.0, 2.0]"
255,2018,SYR,Syrian Arab Rep.,CAN,Canada,1545.0,1090.0,65.0,0.0,2700.0,1701.0,1075.0,32.0,0.0,2808.0,0.0,5508.0,,"[60.0, -95.0]"
256,2018,IRQ,Iraq,IRL,Ireland,0.0,1.0,0.0,0.0,1.0,2.0,2.0,0.0,0.0,4.0,0.0,5.0,"[33.0, 44.0]","[53.0, -8.0]"
257,2018,SYR,Syrian Arab Rep.,CHE,Switzerland,268.0,222.0,7.0,0.0,497.0,336.0,213.0,6.0,0.0,555.0,0.0,1052.0,,"[47.0, 8.0]"
258,2018,All others,All others,NZL,New Zealand,103.0,126.0,6.0,0.0,235.0,121.0,106.0,8.0,0.0,235.0,0.0,470.0,,"[-41.0, 174.0]"
259,2018,AFG,Afghanistan,NZL,New Zealand,46.0,79.0,1.0,0.0,126.0,43.0,34.0,3.0,0.0,80.0,0.0,206.0,"[33.0, 65.0]","[-41.0, 174.0]"
260,2018,SDN,Sudan,ISL,Iceland,0.0,1.0,0.0,0.0,1.0,0.0,1.0,0.0,0.0,1.0,0.0,2.0,"[15.0, 30.0]","[65.0, -18.0]"
261,2018,SOM,Somalia,AUS,Australia,1.0,2.0,0.0,0.0,3.0,7.0,4.0,0.0,0.0,11.0,0.0,14.0,"[10.0, 49.0]","[-27.0, 133.0]"
262,2018,All others,All others,USA,United States of America,1177.0,1068.0,43.0,0.0,2288.0,1216.0,995.0,21.0,0.0,2232.0,31.0,4551.0,,
263,2018,All others,All others,CAN,Canada,524.0,631.0,10.0,0.0,1165.0,511.0,602.0,22.0,0.0,1135.0,101.0,2401.0,,"[60.0, -95.0]"
264,2018,COD,Dem. Rep. of the Congo,FRA,France,6.0,3.0,0.0,0.0,9.0,7.0,3.0,0.0,0.0,10.0,0.0,19.0,,"[46.0, 2.0]"
265,2018,AFG,Afghanistan,FIN,Finland,2.0,3.0,0.0,0.0,5.0,2.0,1.0,0.0,0.0,3.0,0.0,8.0,"[33.0, 65.0]","[64.0, 26.0]"
266,2018,SYR,Syrian Arab Rep.,IRL,Ireland,87.0,83.0,1.0,0.0,171.0,125.0,93.0,0.0,0.0,218.0,0.0,389.0,,"[53.0, -8.0]"
267,2018,SDN,Sudan,NLD,Netherlands,31.0,27.0,1.0,0.0,59.0,31.0,28.0,0.0,0.0,59.0,0.0,118.0,"[15.0, 30.0]","[52.5, 5.75]"
268,2018,SDN,Sudan,CAN,Canada,135.0,142.0,2.0,0.0,279.0,140.0,172.0,4.0,0.0,316.0,10.0,605.0,"[15.0, 30.0]","[60.0, -95.0]"
269,2018,SYR,Syrian Arab Rep.,ESP,Spain,289.0,233.0,7.0,0.0,529.0,346.0,244.0,6.0,0.0,596.0,0.0,1125.0,,"[40.0, -4.0]"
270,2018,SYR,Syrian Arab Rep.,AUS,Australia,15.0,10.0,1.0,0.0,26.0,21.0,11.0,1.0,0.0,33.0,0.0,59.0,,"[-27.0, 133.0]"
271,2018,IRN,Iran (Islamic Rep. of),AUS,Australia,2.0,3.0,0.0,0.0,5.0,0.0,4.0,0.0,0.0,4.0,0.0,9.0,,"[-27.0, 133.0]"
272,2018,SOM,Somalia,CAN,Canada,563.0,506.0,17.0,0.0,1086.0,615.0,406.0,20.0,0.0,1041.0,3.0,2130.0,"[10.0, 49.0]","[60.0, -95.0]"
273,2018,All others,All others,FIN,Finland,2.0,3.0,1.0,0.0,6.0,1.0,11.0,0.0,0.0,12.0,0.0,18.0,,"[64.0, 26.0]"
274,2018,SYR,Syrian Arab Rep.,PRT,Portugal,47.0,61.0,6.0,0.0,114.0,85.0,64.0,3.0,0.0,152.0,0.0,266.0,,"[39.5, -8.0]"
275,2018,SYR,Syrian Arab Rep.,BEL,Belgium,247.0,247.0,13.0,0.0,507.0,296.0,273.0,10.0,0.0,579.0,0.0,1086.0,,"[50.8333, 4.0]"
276,2018,SOM,Somalia,DEU,Germany,3.0,17.0,0.0,0.0,20.0,11.0,14.0,0.0,0.0,25.0,2.0,47.0,"[10.0, 49.0]","[51.0, 9.0]"
277,2018,All others,All others,ITA,Italy,2.0,6.0,0.0,0.0,8.0,2.0,4.0,0.0,0.0,6.0,0.0,14.0,,"[42.8333, 12.8333]"
278,2018,BTN,Bhutan,USA,United States of America,0.0,0.0,0.0,0.0,0.0,2.0,0.0,0.0,0.0,2.0,0.0,2.0,"[27.5, 90.5]",
279,2018,SYR,Syrian Arab Rep.,LTU,Lithuania,6.0,2.0,0.0,0.0,8.0,3.0,2.0,0.0,0.0,5.0,0.0,13.0,,"[56.0, 24.0]"
280,2018,SDN,Sudan,FIN,Finland,1.0,4.0,0.0,0.0,5.0,0.0,0.0,0.0,0.0,0.0,7.0,12.0,"[15.0, 30.0]","[64.0, 26.0]"
281,2018,MMR,Myanmar,NZL,New Zealand,29.0,18.0,1.0,0.0,48.0,21.0,9.0,1.0,0.0,31.0,0.0,79.0,"[22.0, 98.0]","[-41.0, 174.0]"
282,2018,IRN,Iran (Islamic Rep. of),USA,United States of America,17.0,51.0,1.0,0.0,69.0,19.0,84.0,1.0,0.0,104.0,0.0,173.0,,
283,2018,SOM,Somalia,PRT,Portugal,2.0,1.0,0.0,0.0,3.0,2.0,0.0,0.0,0.0,2.0,0.0,5.0,"[10.0, 49.0]","[39.5, -8.0]"
284,2018,SOM,Somalia,FIN,Finland,0.0,2.0,0.0,0.0,2.0,0.0,3.0,0.0,0.0,3.0,0.0,5.0,"[10.0, 49.0]","[64.0, 26.0]"
285,2018,ERI,Eritrea,NZL,New Zealand,31.0,48.0,1.0,0.0,80.0,28.0,66.0,0.0,0.0,94.0,0.0,174.0,"[15.0, 39.0]","[-41.0, 174.0]"
286,2018,ERI,Eritrea,FIN,Finland,1.0,24.0,0.0,0.0,25.0,2.0,30.0,0.0,0.0,32.0,0.0,57.0,"[15.0, 39.0]","[64.0, 26.0]"
287,2018,COD,Dem. Rep. of the Congo,NZL,New Zealand,24.0,26.0,3.0,0.0,53.0,26.0,25.0,2.0,0.0,53.0,0.0,106.0,,"[-41.0, 174.0]"
288,2019,IRN,Iran (Islamic Rep. of),FRA,France,0.0,2.0,0.0,0.0,2.0,0.0,2.0,0.0,0.0,2.0,0.0,4.0,,"[46.0, 2.0]"
289,2019,SDN,Sudan,SWE,Sweden,62.0,46.0,2.0,0.0,110.0,50.0,54.0,1.0,0.0,105.0,0.0,215.0,"[15.0, 30.0]","[62.0, 15.0]"
290,2019,All others,All others,SWE,Sweden,197.0,199.0,2.0,0.0,398.0,194.0,182.0,2.0,0.0,378.0,0.0,776.0,,"[62.0, 15.0]"
291,2019,COD,Dem. Rep. of the Congo,CAN,Canada,251.0,248.0,14.0,0.0,513.0,248.0,201.0,7.0,0.0,456.0,0.0,969.0,,"[60.0, -95.0]"
292,2019,AFG,Afghanistan,AUS,Australia,37.0,47.0,4.0,0.0,88.0,45.0,70.0,4.0,0.0,119.0,0.0,207.0,"[33.0, 65.0]","[-27.0, 133.0]"
293,2019,SYR,Syrian Arab Rep.,GBR,United Kingdom of Great Britain and Northern Ireland,337.0,423.0,26.0,0.0,786.0,446.0,379.0,33.0,0.0,858.0,0.0,1644.0,,
294,2019,SDN,Sudan,GBR,United Kingdom of Great Britain and Northern Ireland,54.0,42.0,1.0,0.0,97.0,67.0,26.0,0.0,0.0,93.0,0.0,190.0,"[15.0, 30.0]",
295,2019,MMR,Myanmar,USA,United States of America,391.0,201.0,14.0,0.0,606.0,473.0,200.0,9.0,0.0,682.0,0.0,1288.0,"[22.0, 98.0]",
296,2019,MMR,Myanmar,AUS,Australia,24.0,27.0,2.0,0.0,53.0,21.0,20.0,1.0,0.0,42.0,0.0,95.0,"[22.0, 98.0]","[-27.0, 133.0]"
297,2019,SOM,Somalia,USA,United States of America,28.0,10.0,1.0,0.0,39.0,26.0,5.0,0.0,0.0,31.0,0.0,70.0,"[10.0, 49.0]",
298,2019,SOM,Somalia,GBR,United Kingdom of Great Britain and Northern Ireland,65.0,104.0,2.0,0.0,171.0,75.0,44.0,0.0,0.0,119.0,0.0,290.0,"[10.0, 49.0]",
299,2019,ERI,Eritrea,SWE,Sweden,17.0,49.0,0.0,0.0,66.0,69.0,113.0,0.0,0.0,182.0,0.0,248.0,"[15.0, 39.0]","[62.0, 15.0]"
300,2019,ERI,Eritrea,GBR,United Kingdom of Great Britain and Northern Ireland,8.0,29.0,0.0,0.0,37.0,13.0,17.0,0.0,0.0,30.0,0.0,67.0,"[15.0, 39.0]",
301,2019,COD,Dem. Rep. of the Congo,USA,United States of America,2088.0,1637.0,113.0,0.0,3838.0,2168.0,1509.0,82.0,0.0,3759.0,0.0,7597.0,,
302,2019,SYR,Syrian Arab Rep.,NOR,Norway,202.0,164.0,5.0,0.0,371.0,256.0,168.0,4.0,0.0,428.0,0.0,799.0,,"[62.0, 10.0]"
303,2019,MMR,Myanmar,GBR,United Kingdom of Great Britain and Northern Ireland,2.0,1.0,0.0,0.0,3.0,1.0,3.0,0.0,0.0,4.0,0.0,7.0,"[22.0, 98.0]",
304,2019,IRQ,Iraq,DEU,Germany,7.0,18.0,3.0,0.0,28.0,14.0,15.0,2.0,0.0,31.0,0.0,59.0,"[33.0, 44.0]","[51.0, 9.0]"
305,2019,All others,All others,CAN,Canada,380.0,425.0,17.0,0.0,822.0,379.0,422.0,13.0,0.0,814.0,90.0,1726.0,,"[60.0, -95.0]"
306,2019,AFG,Afghanistan,USA,United States of America,696.0,756.0,34.0,0.0,1486.0,762.0,573.0,21.0,0.0,1356.0,0.0,2842.0,"[33.0, 65.0]",
307,2019,IRQ,Iraq,NOR,Norway,0.0,0.0,0.0,0.0,0.0,0.0,3.0,0.0,0.0,3.0,0.0,3.0,"[33.0, 44.0]","[62.0, 10.0]"
308,2019,IRQ,Iraq,FIN,Finland,0.0,0.0,0.0,0.0,0.0,0.0,3.0,0.0,0.0,3.0,0.0,3.0,"[33.0, 44.0]","[64.0, 26.0]"
309,2019,SOM,Somalia,NOR,Norway,9.0,6.0,0.0,0.0,15.0,8.0,7.0,1.0,0.0,16.0,1.0,32.0,"[10.0, 49.0]","[62.0, 10.0]"
310,2019,ERI,Eritrea,NLD,Netherlands,7.0,16.0,0.0,0.0,23.0,8.0,38.0,0.0,0.0,46.0,0.0,69.0,"[15.0, 39.0]","[52.5, 5.75]"
311,2019,All others,All others,FIN,Finland,3.0,3.0,0.0,0.0,6.0,3.0,10.0,1.0,0.0,14.0,0.0,20.0,,"[64.0, 26.0]"
312,2019,SYR,Syrian Arab Rep.,ROU,Romania,27.0,35.0,3.0,0.0,65.0,34.0,29.0,2.0,0.0,65.0,0.0,130.0,,"[46.0, 25.0]"
313,2019,AFG,Afghanistan,GBR,United Kingdom of Great Britain and Northern Ireland,33.0,55.0,5.0,0.0,93.0,41.0,39.0,6.0,0.0,86.0,0.0,179.0,"[33.0, 65.0]",
314,2019,SDN,Sudan,PRT,Portugal,12.0,8.0,0.0,0.0,20.0,7.0,6.0,1.0,0.0,14.0,0.0,34.0,"[15.0, 30.0]","[39.5, -8.0]"
315,2019,IRQ,Iraq,PRT,Portugal,55.0,73.0,8.0,0.0,136.0,63.0,64.0,2.0,0.0,129.0,0.0,265.0,"[33.0, 44.0]","[39.5, -8.0]"
316,2019,SYR,Syrian Arab Rep.,FIN,Finland,134.0,129.0,9.0,0.0,272.0,143.0,134.0,6.0,0.0,283.0,0.0,555.0,,"[64.0, 26.0]"
317,2019,SYR,Syrian Arab Rep.,BGR,Bulgaria,17.0,15.0,0.0,0.0,32.0,21.0,13.0,0.0,0.0,34.0,0.0,66.0,,"[43.0, 25.0]"
318,2019,All others,All others,NLD,Netherlands,19.0,21.0,0.0,0.0,40.0,14.0,17.0,0.0,0.0,31.0,0.0,71.0,,"[52.5, 5.75]"
319,2019,ERI,Eritrea,ESP,Spain,1.0,5.0,0.0,0.0,6.0,2.0,2.0,0.0,0.0,4.0,0.0,10.0,"[15.0, 39.0]","[40.0, -4.0]"
320,2019,COD,Dem. Rep. of the Congo,AUS,Australia,378.0,291.0,19.0,0.0,688.0,375.0,279.0,13.0,0.0,667.0,0.0,1355.0,,"[-27.0, 133.0]"
321,2019,SYR,Syrian Arab Rep.,SWE,Sweden,632.0,531.0,23.0,0.0,1186.0,695.0,541.0,29.0,0.0,1265.0,0.0,2451.0,,"[62.0, 15.0]"
322,2019,AFG,Afghanistan,NLD,Netherlands,0.0,0.0,0.0,0.0,0.0,0.0,4.0,0.0,0.0,4.0,0.0,4.0,"[33.0, 65.0]","[52.5, 5.75]"
323,2019,All others,All others,PRT,Portugal,5.0,15.0,0.0,0.0,20.0,11.0,4.0,0.0,0.0,15.0,0.0,35.0,,"[39.5, -8.0]"
324,2019,SYR,Syrian Arab Rep.,USA,United States of America,99.0,2.0,0.0,0.0,101.0,78.0,0.0,0.0,0.0,78.0,0.0,179.0,,
325,2019,AFG,Afghanistan,NOR,Norway,0.0,0.0,0.0,0.0,0.0,0.0,1.0,0.0,0.0,1.0,0.0,1.0,"[33.0, 65.0]","[62.0, 10.0]"
326,2019,IRN,Iran (Islamic Rep. of),GBR,United Kingdom of Great Britain and Northern Ireland,1.0,2.0,0.0,0.0,3.0,2.0,0.0,0.0,0.0,2.0,0.0,5.0,,
327,2019,SDN,Sudan,USA,United States of America,18.0,5.0,0.0,0.0,23.0,27.0,3.0,0.0,0.0,30.0,0.0,53.0,"[15.0, 30.0]",
328,2019,COD,Dem. Rep. of the Congo,FIN,Finland,42.0,25.0,3.0,0.0,70.0,44.0,30.0,1.0,0.0,75.0,0.0,145.0,,"[64.0, 26.0]"
329,2019,AFG,Afghanistan,CAN,Canada,8.0,9.0,1.0,0.0,18.0,10.0,4.0,2.0,0.0,16.0,0.0,34.0,"[33.0, 65.0]","[60.0, -95.0]"
330,2019,SYR,Syrian Arab Rep.,HRV,Croatia,10.0,8.0,1.0,0.0,19.0,15.0,7.0,0.0,0.0,22.0,0.0,41.0,,"[45.1667, 15.5]"
331,2019,SDN,Sudan,LUX,Luxembourg,0.0,0.0,0.0,0.0,0.0,0.0,6.0,0.0,0.0,6.0,0.0,6.0,"[15.0, 30.0]","[49.75, 6.1667]"
332,2019,MMR,Myanmar,CAN,Canada,19.0,21.0,2.0,0.0,42.0,16.0,23.0,1.0,0.0,40.0,0.0,82.0,"[22.0, 98.0]","[60.0, -95.0]"
333,2019,SYR,Syrian Arab Rep.,DEU,Germany,1266.0,1122.0,102.0,0.0,2490.0,1463.0,1029.0,64.0,0.0,2556.0,0.0,5046.0,,"[51.0, 9.0]"
334,2019,SYR,Syrian Arab Rep.,ARG,Argentina,2.0,0.0,0.0,0.0,2.0,2.0,0.0,0.0,0.0,2.0,0.0,4.0,,"[-34.0, -64.0]"
335,2019,ERI,Eritrea,USA,United States of America,232.0,233.0,2.0,0.0,467.0,304.0,206.0,2.0,0.0,512.0,0.0,979.0,"[15.0, 39.0]",
336,2019,ERI,Eritrea,LUX,Luxembourg,1.0,2.0,0.0,0.0,3.0,1.0,7.0,0.0,0.0,8.0,0.0,11.0,"[15.0, 39.0]","[49.75, 6.1667]"
337,2019,All others,All others,BRA,Brazil,5.0,14.0,0.0,0.0,19.0,14.0,12.0,0.0,0.0,26.0,0.0,45.0,,"[-10.0, -55.0]"
338,2019,ERI,Eritrea,AUS,Australia,16.0,20.0,1.0,0.0,37.0,7.0,5.0,0.0,0.0,12.0,0.0,49.0,"[15.0, 39.0]","[-27.0, 133.0]"
339,2019,SYR,Syrian Arab Rep.,NZL,New Zealand,6.0,2.0,1.0,0.0,9.0,2.0,2.0,0.0,0.0,4.0,0.0,13.0,,"[-41.0, 174.0]"
340,2019,All others,All others,DNK,Denmark,0.0,1.0,0.0,0.0,1.0,0.0,0.0,0.0,0.0,0.0,0.0,1.0,,"[56.0, 10.0]"
341,2019,ERI,Eritrea,CAN,Canada,21.0,52.0,1.0,0.0,74.0,24.0,70.0,1.0,0.0,95.0,1.0,170.0,"[15.0, 39.0]","[60.0, -95.0]"
342,2019,BTN,Bhutan,AUS,Australia,0.0,0.0,0.0,0.0,0.0,1.0,1.0,0.0,0.0,2.0,0.0,2.0,"[27.5, 90.5]","[-27.0, 133.0]"
343,2019,SYR,Syrian Arab Rep.,ITA,Italy,102.0,67.0,2.0,0.0,171.0,102.0,71.0,2.0,0.0,175.0,0.0,346.0,,"[42.8333, 12.8333]"
344,2019,SDN,Sudan,ESP,Spain,1.0,4.0,1.0,0.0,6.0,3.0,2.0,0.0,0.0,5.0,0.0,11.0,"[15.0, 30.0]","[40.0, -4.0]"
345,2019,MMR,Myanmar,NOR,Norway,1.0,1.0,0.0,0.0,2.0,0.0,4.0,0.0,0.0,4.0,0.0,6.0,"[22.0, 98.0]","[62.0, 10.0]"
346,2019,IRQ,Iraq,FRA,France,0.0,0.0,0.0,0.0,0.0,0.0,1.0,0.0,0.0,1.0,0.0,1.0,"[33.0, 44.0]","[46.0, 2.0]"
347,2019,IRN,Iran (Islamic Rep. of),SWE,Sweden,0.0,1.0,0.0,0.0,1.0,2.0,2.0,0.0,0.0,4.0,0.0,5.0,,"[62.0, 15.0]"
348,2019,SOM,Somalia,NZL,New Zealand,0.0,0.0,0.0,0.0,0.0,1.0,0.0,0.0,0.0,1.0,0.0,1.0,"[10.0, 49.0]","[-41.0, 174.0]"
349,2019,IRN,Iran (Islamic Rep. of),ESP,Spain,0.0,17.0,1.0,0.0,18.0,1.0,64.0,0.0,0.0,65.0,0.0,83.0,,"[40.0, -4.0]"
350,2019,SOM,Somalia,DNK,Denmark,4.0,4.0,0.0,0.0,8.0,0.0,2.0,0.0,0.0,2.0,0.0,10.0,"[10.0, 49.0]","[56.0, 10.0]"
351,2019,ERI,Eritrea,NOR,Norway,9.0,36.0,0.0,0.0,45.0,5.0,21.0,0.0,0.0,26.0,0.0,71.0,"[15.0, 39.0]","[62.0, 10.0]"
352,2019,All others,All others,LUX,Luxembourg,0.0,0.0,0.0,0.0,0.0,0.0,1.0,0.0,0.0,1.0,0.0,1.0,,"[49.75, 6.1667]"
353,2019,ERI,Eritrea,DEU,Germany,11.0,7.0,0.0,0.0,18.0,7.0,8.0,1.0,0.0,16.0,0.0,34.0,"[15.0, 39.0]","[51.0, 9.0]"
354,2019,COD,Dem. Rep. of the Congo,NOR,Norway,315.0,262.0,3.0,0.0,580.0,316.0,209.0,7.0,0.0,532.0,0.0,1112.0,,"[62.0, 10.0]"
355,2019,IRQ,Iraq,GBR,United Kingdom of Great Britain and Northern Ireland,44.0,58.0,4.0,0.0,106.0,52.0,41.0,1.0,0.0,94.0,0.0,200.0,"[33.0, 44.0]",
356,2019,SYR,Syrian Arab Rep.,CAN,Canada,1146.0,919.0,34.0,0.0,2099.0,1325.0,920.0,35.0,0.0,2280.0,0.0,4379.0,,"[60.0, -95.0]"
357,2019,All others,All others,NZL,New Zealand,64.0,82.0,4.0,0.0,150.0,77.0,73.0,2.0,0.0,152.0,0.0,302.0,,"[-41.0, 174.0]"
358,2019,COD,Dem. Rep. of the Congo,NZL,New Zealand,1.0,0.0,0.0,0.0,1.0,1.0,1.0,0.0,0.0,2.0,0.0,3.0,,"[-41.0, 174.0]"
359,2019,SYR,Syrian Arab Rep.,MLT,Malta,7.0,4.0,0.0,0.0,11.0,3.0,3.0,0.0,0.0,6.0,0.0,17.0,,"[35.8333, 14.5833]"
360,2019,IRQ,Iraq,IRL,Ireland,3.0,4.0,1.0,0.0,8.0,4.0,4.0,1.0,0.0,9.0,0.0,17.0,"[33.0, 44.0]","[53.0, -8.0]"
361,2019,SYR,Syrian Arab Rep.,CHE,Switzerland,198.0,157.0,1.0,0.0,356.0,223.0,158.0,1.0,0.0,382.0,0.0,738.0,,"[47.0, 8.0]"
362,2019,All others,All others,USA,United States of America,664.0,718.0,19.0,0.0,1401.0,725.0,661.0,12.0,0.0,1398.0,0.0,2799.0,,
363,2019,AFG,Afghanistan,NZL,New Zealand,3.0,3.0,0.0,0.0,6.0,6.0,3.0,0.0,0.0,9.0,0.0,15.0,"[33.0, 65.0]","[-41.0, 174.0]"
364,2019,SOM,Somalia,MLT,Malta,0.0,1.0,0.0,0.0,1.0,0.0,0.0,0.0,0.0,0.0,0.0,1.0,"[10.0, 49.0]","[35.8333, 14.5833]"
365,2019,SOM,Somalia,AUS,Australia,5.0,0.0,0.0,0.0,5.0,4.0,0.0,0.0,0.0,4.0,0.0,9.0,"[10.0, 49.0]","[-27.0, 133.0]"
366,2019,All others,All others,AUS,Australia,174.0,249.0,9.0,0.0,432.0,195.0,182.0,10.0,2.0,389.0,0.0,821.0,,"[-27.0, 133.0]"
367,2019,COD,Dem. Rep. of the Congo,FRA,France,1.0,1.0,0.0,0.0,2.0,2.0,1.0,0.0,0.0,3.0,0.0,5.0,,"[46.0, 2.0]"
368,2019,AFG,Afghanistan,FIN,Finland,1.0,1.0,0.0,0.0,2.0,2.0,1.0,0.0,0.0,3.0,0.0,5.0,"[33.0, 65.0]","[64.0, 26.0]"
369,2019,SYR,Syrian Arab Rep.,IRL,Ireland,161.0,152.0,2.0,0.0,315.0,210.0,154.0,3.0,0.0,367.0,0.0,682.0,,"[53.0, -8.0]"
370,2019,SDN,Sudan,NLD,Netherlands,23.0,25.0,0.0,0.0,48.0,18.0,16.0,1.0,0.0,35.0,0.0,83.0,"[15.0, 30.0]","[52.5, 5.75]"
371,2019,SDN,Sudan,CAN,Canada,56.0,61.0,0.0,0.0,117.0,64.0,108.0,4.0,0.0,176.0,0.0,293.0,"[15.0, 30.0]","[60.0, -95.0]"
372,2019,SYR,Syrian Arab Rep.,ESP,Spain,243.0,221.0,6.0,0.0,470.0,284.0,243.0,4.0,0.0,531.0,0.0,1001.0,,"[40.0, -4.0]"
373,2019,IRQ,Iraq,ESP,Spain,0.0,1.0,0.0,0.0,1.0,0.0,0.0,0.0,0.0,0.0,0.0,1.0,"[33.0, 44.0]","[40.0, -4.0]"
374,2019,SYR,Syrian Arab Rep.,AUS,Australia,4.0,5.0,0.0,0.0,9.0,8.0,9.0,0.0,0.0,17.0,0.0,26.0,,"[-27.0, 133.0]"
375,2019,IRN,Iran (Islamic Rep. of),AUS,Australia,0.0,2.0,0.0,0.0,2.0,0.0,0.0,0.0,0.0,0.0,0.0,2.0,,"[-27.0, 133.0]"
376,2019,SOM,Somalia,CAN,Canada,461.0,486.0,19.0,0.0,966.0,462.0,373.0,22.0,0.0,857.0,0.0,1823.0,"[10.0, 49.0]","[60.0, -95.0]"
377,2019,All others,All others,DEU,Germany,51.0,43.0,5.0,0.0,99.0,53.0,24.0,0.0,0.0,77.0,0.0,176.0,,"[51.0, 9.0]"
378,2019,SYR,Syrian Arab Rep.,PRT,Portugal,111.0,114.0,3.0,0.0,228.0,162.0,139.0,4.0,0.0,305.0,0.0,533.0,,"[39.5, -8.0]"
379,2019,SDN,Sudan,DEU,Germany,104.0,107.0,1.0,0.0,212.0,118.0,83.0,3.0,0.0,204.0,0.0,416.0,"[15.0, 30.0]","[51.0, 9.0]"
380,2019,SYR,Syrian Arab Rep.,BEL,Belgium,170.0,187.0,9.0,0.0,366.0,196.0,170.0,7.0,0.0,373.0,0.0,739.0,,"[50.8333, 4.0]"
381,2019,SOM,Somalia,DEU,Germany,181.0,148.0,4.0,0.0,333.0,163.0,98.0,4.0,0.0,265.0,0.0,598.0,"[10.0, 49.0]","[51.0, 9.0]"
382,2019,All others,All others,GBR,United Kingdom of Great Britain and Northern Ireland,63.0,85.0,4.0,0.0,152.0,66.0,79.0,2.0,0.0,147.0,0.0,299.0,,
383,2019,SDN,Sudan,FIN,Finland,3.0,7.0,0.0,0.0,10.0,1.0,14.0,0.0,0.0,15.0,0.0,25.0,"[15.0, 30.0]","[64.0, 26.0]"
384,2019,MMR,Myanmar,NZL,New Zealand,13.0,0.0,0.0,0.0,13.0,2.0,0.0,0.0,0.0,2.0,0.0,15.0,"[22.0, 98.0]","[-41.0, 174.0]"
385,2019,IRN,Iran (Islamic Rep. of),USA,United States of America,1.0,2.0,0.0,0.0,3.0,2.0,2.0,0.0,0.0,4.0,0.0,7.0,,
386,2019,SOM,Somalia,PRT,Portugal,0.0,1.0,0.0,0.0,1.0,1.0,2.0,0.0,0.0,3.0,0.0,4.0,"[10.0, 49.0]","[39.5, -8.0]"
387,2019,SOM,Somalia,FIN,Finland,3.0,23.0,0.0,0.0,26.0,1.0,13.0,0.0,0.0,14.0,0.0,40.0,"[10.0, 49.0]","[64.0, 26.0]"
388,2019,ERI,Eritrea,NZL,New Zealand,1.0,0.0,0.0,0.0,1.0,1.0,0.0,0.0,0.0,1.0,0.0,2.0,"[15.0, 39.0]","[-41.0, 174.0]"
389,2019,ERI,Eritrea,FIN,Finland,1.0,15.0,0.0,0.0,16.0,1.0,56.0,0.0,0.0,57.0,0.0,73.0,"[15.0, 39.0]","[64.0, 26.0]"
390,2019,SYR,Syrian Arab Rep.,FRA,France,311.0,231.0,4.0,0.0,546.0,336.0,251.0,7.0,0.0,594.0,0.0,1140.0,,"[46.0, 2.0]"
391,2019,SDN,Sudan,FRA,France,157.0,149.0,8.0,0.0,314.0,161.0,147.0,5.0,0.0,313.0,0.0,627.0,"[15.0, 30.0]","[46.0, 2.0]"
392,2019,MMR,Myanmar,SWE,Sweden,1.0,1.0,0.0,0.0,2.0,2.0,1.0,0.0,0.0,3.0,0.0,5.0,"[22.0, 98.0]","[62.0, 15.0]"
393,2019,IRQ,Iraq,USA,United States of America,12.0,2.0,0.0,0.0,14.0,26.0,0.0,0.0,0.0,26.0,0.0,40.0,"[33.0, 44.0]",
394,2019,IRQ,Iraq,AUS,Australia,108.0,227.0,29.0,0.0,364.0,94.0,198.0,30.0,0.0,322.0,0.0,686.0,"[33.0, 44.0]","[-27.0, 133.0]"
395,2019,SOM,Somalia,SWE,Sweden,171.0,132.0,7.0,0.0,310.0,173.0,70.0,2.0,0.0,245.0,0.0,555.0,"[10.0, 49.0]","[62.0, 15.0]"
396,2019,SOM,Somalia,FRA,France,5.0,25.0,0.0,0.0,30.0,13.0,13.0,0.0,0.0,26.0,0.0,56.0,"[10.0, 49.0]","[46.0, 2.0]"
397,2019,ERI,Eritrea,PRT,Portugal,0.0,1.0,0.0,0.0,1.0,1.0,0.0,0.0,0.0,1.0,0.0,2.0,"[15.0, 39.0]","[39.5, -8.0]"
398,2019,ERI,Eritrea,FRA,France,5.0,24.0,0.0,0.0,29.0,11.0,131.0,0.0,0.0,142.0,0.0,171.0,"[15.0, 39.0]","[46.0, 2.0]"
399,2019,All others,All others,URY,Uruguay,3.0,7.0,0.0,0.0,10.0,3.0,7.0,0.0,0.0,10.0,0.0,20.0,,"[-33.0, -56.0]"
400,2019,COD,Dem. Rep. of the Congo,SWE,Sweden,128.0,106.0,3.0,0.0,237.0,115.0,88.0,3.0,0.0,206.0,0.0,443.0,,"[62.0, 15.0]"
401,2019,SYR,Syrian Arab Rep.,NLD,Netherlands,160.0,202.0,11.0,0.0,373.0,215.0,225.0,12.0,0.0,452.0,0.0,825.0,,"[52.5, 5.75]"
402,2019,IRQ,Iraq,CAN,Canada,80.0,135.0,14.0,0.0,229.0,98.0,148.0,16.0,0.0,262.0,0.0,491.0,"[33.0, 44.0]","[60.0, -95.0]"
403,2019,IRN,Iran (Islamic Rep. of),KOR,Rep. of Korea,1.0,4.0,0.0,0.0,5.0,0.0,2.0,0.0,0.0,2.0,0.0,7.0,,
404,2019,SOM,Somalia,LUX,Luxembourg,0.0,1.0,0.0,0.0,1.0,0.0,4.0,0.0,0.0,4.0,0.0,5.0,"[10.0, 49.0]","[49.75, 6.1667]"
405,2019,AFG,Afghanistan,SWE,Sweden,24.0,47.0,3.0,0.0,74.0,22.0,10.0,2.0,0.0,34.0,0.0,108.0,"[33.0, 65.0]","[62.0, 15.0]"
406,2019,IRQ,Iraq,NLD,Netherlands,0.0,0.0,0.0,0.0,0.0,0.0,3.0,0.0,0.0,3.0,0.0,3.0,"[33.0, 44.0]","[52.5, 5.75]"
407,2019,IRQ,Iraq,DNK,Denmark,0.0,0.0,0.0,0.0,0.0,0.0,1.0,0.0,0.0,1.0,0.0,1.0,"[33.0, 44.0]","[56.0, 10.0]"
408,2019,IRN,Iran (Islamic Rep. of),NLD,Netherlands,0.0,2.0,0.0,0.0,2.0,0.0,0.0,0.0,0.0,0.0,0.0,2.0,,"[52.5, 5.75]"
409,2019,SOM,Somalia,NLD,Netherlands,7.0,8.0,0.0,0.0,15.0,8.0,6.0,0.0,0.0,14.0,0.0,29.0,"[10.0, 49.0]","[52.5, 5.75]"
410,2019,ERI,Eritrea,MLT,Malta,0.0,1.0,0.0,0.0,1.0,0.0,0.0,0.0,0.0,0.0,0.0,1.0,"[15.0, 39.0]","[35.8333, 14.5833]"
411,2019,All others,All others,CHE,Switzerland,1.0,0.0,0.0,0.0,1.0,0.0,0.0,0.0,0.0,0.0,0.0,1.0,,"[47.0, 8.0]"
412,2019,COD,Dem. Rep. of the Congo,GBR,United Kingdom of Great Britain and Northern Ireland,3.0,3.0,0.0,0.0,6.0,5.0,7.0,0.0,0.0,12.0,0.0,18.0,,
413,2019,AFG,Afghanistan,FRA,France,0.0,1.0,0.0,0.0,1.0,0.0,5.0,0.0,0.0,5.0,0.0,6.0,"[33.0, 65.0]","[46.0, 2.0]"
414,2019,SDN,Sudan,NOR,Norway,23.0,21.0,0.0,0.0,44.0,27.0,14.0,0.0,0.0,41.0,0.0,85.0,"[15.0, 30.0]","[62.0, 10.0]"
415,2019,MMR,Myanmar,KOR,Rep. of Korea,6.0,10.0,0.0,0.0,16.0,5.0,3.0,0.0,0.0,8.0,0.0,24.0,"[22.0, 98.0]",
416,2019,SYR,Syrian Arab Rep.,EST,Estonia,1.0,2.0,0.0,0.0,3.0,0.0,2.0,0.0,0.0,2.0,0.0,5.0,,"[59.0, 26.0]"
417,2019,IRN,Iran (Islamic Rep. of),CAN,Canada,9.0,34.0,1.0,0.0,44.0,4.0,38.0,1.0,0.0,43.0,0.0,87.0,,"[60.0, -95.0]"
418,2019,All others,All others,FRA,France,161.0,144.0,4.0,0.0,309.0,119.0,118.0,5.0,0.0,242.0,7.0,558.0,,"[46.0, 2.0]"
419,2019,AFG,Afghanistan,KOR,Rep. of Korea,0.0,0.0,0.0,0.0,0.0,0.0,1.0,0.0,0.0,1.0,0.0,1.0,"[33.0, 65.0]",
420,2019,IRN,Iran (Islamic Rep. of),FIN,Finland,0.0,0.0,0.0,0.0,0.0,0.0,2.0,0.0,0.0,2.0,0.0,2.0,,"[64.0, 26.0]"
421,2019,All others,All others,NOR,Norway,214.0,142.0,2.0,0.0,358.0,201.0,81.0,1.0,0.0,283.0,0.0,641.0,,"[62.0, 10.0]"
422,,,,,,,,,,,,,,,,,,,
423,"Some data presented may differ from statistics published previously due to retroactive changes or the inclusion of previously unavailable data. In addition, resettlement departure figures reported by UNHCR may not match resettlement statistics published by States as Government figures may include individuals who were resettled outside of UNHCR processes. More information about UNHCR's resettlement programe can be found at http://www.unhcr.org/resettlement.html.",,,,,,,,,,,,,,,,,,
